In_Temperature,In_Humidity,Out_Temperature,Out_Humidity,SP-31-00
35.22477811,28.92830803,30.90582031,40.14899067,0.077107059
35.21534295,29.00170392,30.82921224,40.54037976,0.076888289
35.22629129,29.04692149,30.73998698,41.46083209,0.07613197
35.22406602,29.11889321,30.60341146,42.1981181,0.075263141
35.21632207,29.18140434,30.33734375,42.68576058,0.074406812
35.2189924,29.23852394,30.21878255,42.97131162,0.073094192
35.20225834,29.32611073,30.10022786,43.12178459,0.072019094
35.20323746,29.37687241,29.94365234,43.39593598,0.070725225
35.21213855,29.4206658,29.81511719,43.46006847,0.069312596
35.19834185,29.49233234,29.65787109,43.57211199,0.06816249
35.18908471,29.55886168,29.59531901,43.50018689,0.067018636
35.19050889,29.60306198,29.52591797,43.41056268,0.065743519
35.18988581,29.63413952,29.34809896,43.49108137,0.064568411
35.18285395,29.67940795,29.34176432,43.20583906,0.063612074
35.15125505,29.75199003,29.24426432,43.13154218,0.062949513
35.17350779,29.75448234,29.14662109,43.10878698,0.061780656
35.17689021,29.78449175,29.09912109,42.99154852,0.060649303
35.15508253,29.82314794,29.00166016,43.04854911,0.059761721
35.15917703,29.8465451,28.88139974,43.19971972,0.059005402
35.14555835,29.88749015,28.74759766,43.32894169,0.058424099
35.16665395,29.87614761,28.73729818,43.3535742,0.057511515
35.14244297,29.9235523,28.67666016,43.41701808,0.057161483
35.13550011,29.94567788,28.63348307,43.57337706,0.056573929
35.1411078,29.9448132,28.56856771,43.61172238,0.055886367
35.14609242,29.96139467,28.56203776,43.70916464,0.055298813
35.12303858,30.0134788,28.50599609,43.84787211,0.054923778
35.14101879,30.01571679,28.41570964,44.12400317,0.05439248
35.15232319,30.01734442,28.37459635,44.15344982,0.05374242
35.13995066,30.0546273,28.36899089,44.11360146,0.05396119
35.15739681,30.05279622,28.40013021,44.15245844,0.053586156
37.59175759,27.16802726,28.5740625,43.90110288,0.041185021
39.04966812,25.68459602,28.75,43.57319093,0.039022323
39.44808118,25.30195061,28.66313802,44.14186531,0.038384764
39.56913609,25.20113934,28.55691406,44.11131199,0.038153493
39.59299102,25.19625645,28.51115885,44.1711773,0.038078486
39.59414817,25.21904326,28.5433724,44.17801913,0.037984728
39.53184049,25.30291702,28.47330078,44.61334812,0.037953475
39.54154269,25.33562219,28.51098307,44.49561132,0.037934723
39.58088553,25.31527682,28.52776042,44.15363182,0.037928472
39.50033061,25.40230411,28.55125651,43.45626869,0.037865967
39.39431856,25.51186389,28.37751953,43.0348988,0.03779721
39.27807024,25.62381425,28.27628255,42.38995906,0.037590942
39.37331197,25.52849622,28.6079362,41.94194281,0.037628445
39.5246306,25.36222375,28.92249349,41.08277164,0.037722204
39.65325144,25.22250197,28.99361328,40.34964584,0.037784709
39.75160856,25.10627909,29.07276693,39.6355568,0.03779096
39.69419649,25.14549477,28.73885417,38.18471329,0.037947224
39.71680527,25.08547595,29.12141927,38.1903969,0.037978477
39.78961624,24.98252842,29.22490885,37.34563765,0.038065985
39.87907225,24.8648305,29.35307292,37.09486747,0.03801598
39.96078431,24.75374482,29.38455729,36.8134254,0.038034732
40.00475573,24.67566949,29.57788411,36.51087926,0.038184746
39.98054475,24.65379822,29.53826172,35.44719256,0.038322259
40.01828539,24.58253859,29.66302083,35.07910654,0.038434769
39.94556344,24.59657689,29.75757161,35.52320215,0.038684792
40.00849419,24.50720989,29.8230013,34.78262039,0.038934815
39.88824038,24.57592635,29.91550781,34.56850616,0.039084828
40.02193484,24.38422217,29.81839193,34.35038754,0.038503525
39.9541975,24.39576816,29.97207031,34.60417826,0.038891061
40.02789858,24.28361435,29.97619141,34.01708164,0.039197339
39.76709646,24.47048651,29.89084635,33.05320887,0.038891061
40.02629638,24.1456728,30.00632812,33.27352769,0.03811599
40.00537881,24.0931309,30.0016862,33.0953833,0.038140992
40.00911727,24.03499402,30.03873047,32.39981429,0.038259753
39.92046235,24.05564457,30.02636719,32.56634982,0.038266003
40.00867221,23.93169045,29.94809245,32.91600615,0.038084737
39.82219425,24.03626561,29.80673177,32.9195207,0.038190996
40.01249968,23.78662801,29.82747396,33.61491723,0.03757844
39.98116782,23.77320007,29.69173828,33.29715727,0.037553438
39.99923705,23.70122835,29.50792318,32.65413132,0.037147151
39.93603927,23.68678314,29.42039062,32.70003835,0.037059643
39.86296127,23.70275425,29.31039714,32.6730422,0.036965884
39.77341624,23.71709773,29.23483073,32.82181326,0.036890877
39.69642176,23.72009868,29.15091146,32.90851134,0.036747114
39.61916025,23.73551029,29.03166016,33.02233613,0.036678358
39.54866356,23.73362834,28.94391276,33.11139261,0.036584599
39.47727677,23.74659851,28.80804688,33.15953023,0.036440836
39.38123395,23.75890745,28.69773437,33.10286249,0.036359579
39.34260319,23.7202004,28.76917969,33.15031916,0.036228317
39.31848122,23.669337,28.65011719,33.34259807,0.036190813
39.25145597,23.67330434,28.58534505,33.35697937,0.036072052
39.17188017,23.69370057,28.44366536,33.45337964,0.035978294
39.10129447,23.68988581,28.37222005,33.57388357,0.035853282
39.1031637,23.60296025,28.30313802,33.58387141,0.036015797
39.08918898,23.55738664,28.20924479,33.69187523,0.035790777
38.99074286,23.58149589,28.11227865,33.86264826,0.035665765
38.81610335,23.67081203,27.98606771,34.03975423,0.035309483
38.70181328,23.72004781,27.87571615,34.1119126,0.035228225
38.59437705,23.74959945,27.75285807,34.15969662,0.035084462
38.49468477,23.779558,27.67097656,34.33315936,0.034896945
38.38493426,23.83128608,27.54416016,34.39601362,0.034809437
38.30660461,23.83784746,27.45697266,34.5162909,0.03473443
38.20219476,23.87279062,27.39822266,34.55789619,0.034559414
38.11086951,23.89659469,27.28855469,34.65716162,0.034446904
38.04455634,23.90681824,27.21216797,34.7174183,0.034328143
38.07437502,23.80972,27.21901693,34.81247536,0.034434403
37.98322779,23.84384934,27.28959635,34.79884135,0.034178129
37.97405966,23.77681137,27.26048177,34.98153813,0.034134375
38.03948272,23.6572315,27.41654948,34.93465309,0.034171879
38.1196816,23.526716,27.46127604,35.0338457,0.034203131
38.11327281,23.47544569,27.58753255,35.12108432,0.034134375
38.13410137,23.40678009,27.60825521,35.29159017,0.034134375
38.18012004,23.31446301,27.7302474,35.55097456,0.034121874
38.23210244,23.23008062,27.82719401,35.54706397,0.034146876
38.22453651,23.19584955,27.70646484,36.02572596,0.034159377
38.26396836,23.12097861,27.83731771,35.95989635,0.034228134
38.2683299,23.08242415,27.73776042,36.02203089,0.034271888
38.28995956,23.03003484,27.96015625,35.72381318,0.034203131
38.36214745,22.93044429,28.00248047,35.77522385,0.034271888
38.4510694,22.81900257,28.20223958,35.86049669,0.034303141
38.56722871,22.69184405,28.23154948,35.53239832,0.034384398
38.68045065,22.55731034,28.36570964,34.89144335,0.034465655
38.79901325,22.42292922,28.48032552,34.23031609,0.034615669
38.91303629,22.27588312,28.69632812,34.32603879,0.034615669
39.03907581,22.15462476,28.76747396,34.08915483,0.034728179
39.13173622,22.04954096,28.67942057,33.61741889,0.034665674
39.22279444,21.93443707,28.94942057,33.37451404,0.034790685
39.31029221,21.8231988,28.93485026,33.27401906,0.034834439
39.40580097,21.70997686,29.10120443,33.21231391,0.034871943
39.52738994,21.57422243,29.22884766,33.05208331,0.034903195
39.6447954,21.45581242,29.45760417,32.78620011,0.034996954
39.78712393,21.30042471,29.40289714,31.42676374,0.035003205
39.9201063,21.13282979,29.37514323,30.24467117,0.034996954
40.01321177,21.01818367,29.79509115,30.05065866,0.035046959
40.02264693,20.97276265,29.96403646,30.40147909,0.035321984
40.01614913,20.95440096,30.1158138,31.14846774,0.035584508
40.00965133,20.92749421,30.05690104,31.28416049,0.035765774
39.92918542,20.9735256,30.17630859,30.68439991,0.035840781
40.01561507,20.87800412,30.25188151,30.65482563,0.036015797
39.93149971,20.90979375,30.31799479,29.74471078,0.036197064
40.02309199,20.80069174,30.41098958,29.42012848,0.036453337
39.90969202,20.86086315,30.41013672,29.82326197,0.036522094
40.01677221,20.74703085,30.46947917,29.01341394,0.036790868
39.91218433,20.78675517,30.51448568,28.9155236,0.036690859
40.02772056,20.66941329,30.53471354,28.52670322,0.036997137
39.90452939,20.72465095,30.52889974,28.77152428,0.036847123
40.02505023,20.58564126,30.49360026,28.89810664,0.037040891
39.91823707,20.62846825,30.59501953,28.89099532,0.036765866
40.03021286,20.50837975,30.61401693,28.89838662,0.037090896
39.90524147,20.57750312,30.57551432,29.43576571,0.036853374
40.02869968,20.45064978,30.54791667,29.42601952,0.036965884
39.89767554,20.53472699,30.49325521,29.36913126,0.036740864
40.02745352,20.39536126,30.44340495,30.266021,0.03680962
39.87408764,20.49937692,30.39164063,30.34860841,0.036622103
40.0207777,20.36011292,30.36749349,30.02115744,0.036503342
39.85975687,20.46122937,30.26886719,30.24011842,0.036453337
40.01196562,20.30609598,30.23042318,30.16456816,0.036197064
39.82548765,20.43681493,30.06201823,30.08708712,0.036178312
40.01570408,20.24724702,30.00889323,30.23786707,0.035559506
39.83981842,20.36474149,29.77865234,30.28366739,0.035559506
40.01828539,20.179853,29.75295573,30.28298073,0.034821938
39.96657003,20.20080873,29.61670573,30.32408108,0.034728179
40.01792935,20.12308944,29.61775391,30.50108643,0.034353145
40.00181837,20.10986496,29.61945964,30.51350123,0.034253136
39.98134585,20.10304926,29.56535807,31.20017496,0.034128125
39.95161618,20.10167595,29.45364583,31.09653248,0.034071869
39.89589532,20.13122759,29.39192708,31.15068339,0.034015614
39.82557666,20.17146054,29.29082682,31.26128441,0.03396561
39.74279647,20.19684138,29.18460937,31.44556597,0.033890603
39.6699855,20.23737952,29.07450521,31.65656952,0.033815596
39.58720531,20.2756288,29.00214844,31.79195994,0.03375309
39.50006358,20.3348338,28.89113281,32.04911753,0.033721837
39.42725261,20.3744564,28.7915625,32.30197127,0.033590575
39.34910099,20.41916533,28.71260417,32.81169143,0.033521819
39.27593398,20.4622975,28.66828776,33.07829909,0.033515568
39.19822741,20.51112637,28.57492187,33.63411802,0.03342806
39.13547468,20.55720862,28.51233724,34.06565587,0.033365555
39.08278019,20.59377941,28.48447266,34.48699947,0.033334302
39.0551868,20.62109305,28.28263672,36.06070015,0.033284297
38.87022202,20.77007197,28.00231771,36.96850375,0.033184288
38.7084891,20.92337428,27.96925781,37.48023032,0.033134284
38.65472648,20.98629231,27.98349609,37.59302077,0.033121782
38.66852318,21.00536609,28.08250651,37.53760759,0.033103031
38.68721548,21.00724804,28.17535807,37.79869276,0.033153035
38.72451108,21.00511177,28.2046224,37.72357316,0.033178038
38.7864627,20.96391241,28.42207031,37.51128305,0.03320304
38.80862643,20.97301696,28.29888021,37.79637954,0.033259295
38.91134508,20.92220442,28.5351237,37.41479926,0.033396808
38.9626154,20.90689453,28.51423828,37.10530857,0.033453063
39.02047252,20.88919407,28.71347656,36.7966851,0.033540571
39.11571425,20.83782203,28.78510417,36.77726405,0.033596826
39.21540653,20.78121106,28.85349609,36.5952442,0.033740589
39.37865263,20.66315709,28.90742839,36.82101759,0.033921856
39.41915262,20.66122428,29.073125,37.9556703,0.033921856
39.49890644,20.63035019,29.13511068,37.12909525,0.034065619
39.57883828,20.59138883,29.30401693,36.1144731,0.034159377
39.67096462,20.53523562,29.41489583,36.18276828,0.034240635
39.76852064,20.4757763,29.59172526,35.81412562,0.034240635
39.8794283,20.41255309,29.55215495,35.91388743,0.034346895
39.97618321,20.36072328,29.62341146,35.4498347,0.03451566
40.00991836,20.35614557,29.66419271,35.26775809,0.034784435
36.74953587,24.48706798,28.16218099,37.47474468,0.052767331
39.14633402,22.02487221,29.80416667,34.74031457,0.040353694
40.03181506,21.18537168,30.40296875,33.96125354,0.038084737
40.04036011,21.17474123,30.7550651,33.64958562,0.038928564
40.0516645,21.1575494,30.94932292,33.58580482,0.039241093
40.0459678,21.17733527,30.98105469,33.55604131,0.03986615
40.04409857,21.18684672,31.04973958,33.42566333,0.039941157
40.03368429,21.19946085,31.05934245,33.64569599,0.040253685
40.05184253,21.19727372,31.09446615,33.83779056,0.040078669
40.05709417,21.2163475,31.08182292,33.80949053,0.040216182
40.04481066,21.24773022,31.10336589,33.55306344,0.040266186
40.05255461,21.2423387,31.06912109,33.33117024,0.040291189
40.04098319,21.26914371,31.0588151,33.17485422,0.040222432
40.04454363,21.28109662,30.99919922,33.19340662,0.040059918
40.04748099,21.28603037,30.98842448,33.19499175,0.039903653
40.04988429,21.29355815,30.93529297,33.37930941,0.039722387
40.05380077,21.30245925,30.9111263,33.33607911,0.039566122
40.03564253,21.30134025,30.83969401,33.51719265,0.039384856
40.04454363,21.3083594,30.77033203,33.92389486,0.03920984
40.04587879,21.30749472,30.74904948,33.38682879,0.039009821
40.03475242,21.32509346,30.70567708,33.52265079,0.038934815
40.04400956,21.32784009,30.66889974,33.8442341,0.0387723
40.03831286,21.34538796,30.64917318,34.47904874,0.038672291
40.02905572,21.37280334,30.52426432,35.45400671,0.038466022
40.02923374,21.39152107,30.48180339,35.77093801,0.038297256
40.02789858,21.41868213,30.42333984,36.08148238,0.038059734
40.0377788,21.44080771,30.35192708,36.49349689,0.037809712
40.02683045,21.46954554,30.0855013,37.34714912,0.03757219
40.0337733,21.51079576,30.06100911,37.63393511,0.037215907
40.02148979,21.55265634,29.98370443,38.07311642,0.037022139
40.0174843,21.59451692,29.78171875,38.74417571,0.036615852
40.02095572,21.62310216,29.69211589,38.99951081,0.036459588
40.01249968,21.6744742,29.74076823,38.840346,0.036097055
40.02602935,21.70661987,29.68217448,38.79780289,0.036065802
39.98900079,21.79288421,29.58145182,38.88650682,0.035772025
40.0174843,21.78850996,29.56432943,38.87549008,0.035778276
39.80421403,22.03896137,29.52113281,39.3991682,0.035928289
40.00297551,21.90391903,29.4164388,40.01540765,0.035271979
39.90292719,22.04735383,29.37087891,40.32013309,0.035265729
40.01837441,21.9874876,29.3734375,40.2720237,0.034859441
39.95081509,22.10513466,29.33505208,40.50851611,0.034828189
39.99621068,22.11403576,29.29029948,40.72841145,0.034521911
39.98819969,22.18254877,29.2969987,40.80452388,0.034440653
39.98277002,22.25731797,29.27065755,40.96827217,0.034440653
39.96888431,22.32359299,29.28552734,41.12807804,0.034446904
39.95793596,22.39368276,29.28775391,41.05858173,0.034484407
39.96496783,22.45070064,29.22009115,41.29841514,0.03451566
39.88672719,22.57312886,29.13117839,42.08640327,0.03451566
39.85414918,22.6719056,29.20280599,41.85536437,0.034509409
39.84738435,22.72231123,29.19335938,42.10732084,0.034596917
39.8559294,22.78502581,29.22061849,41.96999437,0.034653173
39.90915796,22.79316396,29.25265625,42.23700477,0.03473443
39.93025355,22.84097556,29.18804687,42.1409686,0.034853191
39.87497775,22.95602859,29.11145833,42.13714247,0.034878193
39.8681239,23.02978052,29.26380859,41.76687208,0.034878193
39.93105465,23.00968948,29.34894531,41.42939505,0.034928198
39.990692,23.02108288,29.48788411,41.39959889,0.035003205
40.01463595,23.04173342,29.65496745,40.99786481,0.035990795
39.95455355,23.1404593,29.50603516,40.69359828,0.037015889
40.0256733,23.11350169,29.48360677,40.9351417,0.037109647
39.99095903,23.21360087,29.75348958,40.73954722,0.03735967
40.01561507,23.21502505,29.86192708,40.36545911,0.03789722
39.92242059,23.37046362,30.01661458,39.56813442,0.038303507
40.02416012,23.29716945,30.06632812,39.41281408,0.038541029
39.95099311,23.41512169,30.14580078,39.30257811,0.038728546
40.02834363,23.37488874,30.18552734,39.37144403,0.039247343
39.95072608,23.50616719,30.26576172,39.29455464,0.03921609
40.0199766,23.45784695,30.32690104,39.24818612,0.039959908
39.99167112,23.53571883,30.43245443,39.16385782,0.039672382
40.02460517,23.54441647,30.47272786,39.10018697,0.040866241
40.02816561,23.57946136,30.56799479,38.88240544,0.040134924
40.04356451,23.61282775,30.58424479,38.79383338,0.041585057
40.04392055,23.67706823,30.63700521,38.7049836,0.040497458
40.03154803,23.71628392,30.61007812,39.65783807,0.041903836
40.02691946,23.80671906,30.54928385,41.70098749,0.040509959
40.04329747,23.84089927,30.54860677,41.8698087,0.04172882
40.0215788,23.95229012,30.53369792,41.74528869,0.040547462
40.03252715,23.98148572,30.48384115,41.74312947,0.04172882
39.97493706,24.12497139,30.45009766,41.52067023,0.040591216
40.01383485,24.11739274,30.4303776,41.66097209,0.041597558
39.94814476,24.26581216,30.3704362,41.03445934,0.040616219
40.02602935,24.22654561,30.38870443,40.9704263,0.041310032
39.94707663,24.35685766,30.35708984,40.3924604,0.040584966
40.03448539,24.29185423,30.30718099,40.31530773,0.041122515
39.94307113,24.44388495,30.28490234,40.14168152,0.040559963
40.02140078,24.38381526,30.24739583,40.07664677,0.041047508
39.90604257,24.53879606,30.19615885,39.92889971,0.040547462
40.03902495,24.44439358,30.15851562,39.82213149,0.040684975
39.9111162,24.59983215,30.09747396,39.66435515,0.040372446
40.01855243,24.50481931,30.08292318,39.5571157,0.04052246
39.86981511,24.66478472,30.01815104,39.52755635,0.040247435
40.01944254,24.53808398,29.91554036,39.6992165,0.040103672
39.86331731,24.70817121,29.83878255,39.70364247,0.039928656
40.01864144,24.57333232,29.74711589,39.89893209,0.039609876
39.85227995,24.74408077,29.58263672,40.01799193,0.039559872
40.02264693,24.59342336,29.5639974,40.02135388,0.039047325
39.89509422,24.72734671,29.57153646,39.95294094,0.039097329
40.01472496,24.62958724,29.4191862,40.26821233,0.038647288
39.87515577,24.77709112,29.32477865,40.76963729,0.038691042
40.01614913,24.65791816,29.30180339,40.88706359,0.038040983
39.96425574,24.71513949,29.20742188,41.23944916,0.037934723
39.9979909,24.70201673,29.30198568,41.15142629,0.037715953
39.92865136,24.79092597,29.19745443,41.2559946,0.03767845
39.97796343,24.7477938,29.26022786,41.1666334,0.037315916
39.95936014,24.78426286,29.21270833,41.20558136,0.037172153
39.93354696,24.84041606,29.2105013,41.28031808,0.037084645
39.90684367,24.86640726,29.11266927,41.50409735,0.036972135
39.87907225,24.90170647,29.12192708,41.43561291,0.036928381
39.84569314,24.94931462,29.11096354,41.54553906,0.036840873
39.8055492,25.01248697,29.03352214,41.80596963,0.036772117
39.77973602,25.05597518,28.96690755,42.01535716,0.036709611
39.74119427,25.11014471,28.95044922,42.24401187,0.036609602
39.68404924,25.18649068,28.95283854,42.49679169,0.036540845
39.66001628,25.23277638,28.80341797,42.88533098,0.03648459
39.63001958,25.28216475,28.85740234,42.70611731,0.036409583
39.59806465,25.32316065,28.90310547,42.65511804,0.03637208
39.57056026,25.3707688,28.89353516,42.78417738,0.036359579
39.55320312,25.42432797,28.85723307,42.81906156,0.036340827
39.52970423,25.44579232,28.80821615,42.91197073,0.036334577
39.5181328,25.4836347,28.75274089,43.96020168,0.036290823
39.49792732,25.54426388,28.69087891,44.47377277,0.036253319
39.47629765,25.61999949,28.66332031,46.13007837,0.036272071
39.42155591,25.71587701,28.61977214,47.04851184,0.036234567
39.3280944,25.85626001,28.51559896,47.99735816,0.036197064
39.21131202,26.02828005,28.37926432,48.29855087,0.036140809
39.14793622,26.13783983,28.37429036,47.76765425,0.036090804
39.13324941,26.18804201,28.35490885,47.45835758,0.036103305
39.12256809,26.26148877,28.34102214,47.22193952,0.036128308
39.11526919,26.29917856,28.33039063,47.08242445,0.036178312
39.12657359,26.31179268,28.37977214,46.80770573,0.036203315
39.15256479,26.3198291,28.40233073,46.4035805,0.036234567
39.16217797,26.37145546,28.42875,46.93184514,0.036303324
39.11971974,26.45588871,28.29783854,47.9177722,0.036322075
39.09079118,26.52892856,28.36674479,47.86258488,0.036334577
39.07592635,26.58574299,28.31874349,47.68311675,0.03637208
39.08464942,26.62226291,28.37701823,47.28955416,0.036403333
39.10645711,26.62633199,28.41759115,46.89602104,0.036434586
39.14348567,26.62734925,28.52072917,46.5393174,0.036509593
39.2103329,26.59042242,28.69379557,45.72174165,0.036547096
39.27629002,26.55761552,28.83598958,44.98451708,0.036609602
39.32711528,26.52155337,28.82158203,44.78860893,0.036647105
39.3694845,26.50568399,28.86991536,44.48709502,0.036690859
39.40384273,26.4820325,28.89711589,44.30460627,0.036753365
39.43802294,26.47572544,28.92509115,44.06129523,0.036797119
39.47407238,26.45736375,28.94632813,43.72615239,0.03680962
39.49178556,26.44708934,28.99067708,43.31213226,0.036878376
39.51154599,26.44083314,29.01569661,42.80497094,0.036859625
39.52979324,26.43691666,29.02804688,42.63096392,0.036865875
39.54821851,26.4264388,29.02031901,41.72406973,0.036890877
39.5205361,26.46626485,28.98226563,41.96987365,0.036872126
39.49961852,26.48279545,28.97356771,42.3840713,0.036847123
39.49320974,26.50456499,29.01208984,42.18500677,0.036847123
39.49116248,26.51499199,28.96929688,41.38560389,0.036859625
39.46072073,26.53579512,28.87901693,41.5246417,0.036847123
39.42805371,26.54810407,28.85690755,41.33250681,0.036815871
39.39182625,26.58579385,28.7835612,41.13923895,0.036784618
39.35105923,26.6053254,28.75480469,41.50825618,0.036747114
39.30664276,26.6390987,28.62645182,41.74005664,0.036747114
39.27005926,26.6641235,28.61736979,41.75384956,0.036709611
39.21540653,26.70237278,28.52964844,41.92998055,0.036678358
39.16840874,26.72017497,28.40285807,41.63629739,0.036628353
39.11215381,26.74082551,28.40748698,41.87210871,0.03659085
39.06275273,26.7768368,28.31771484,41.90674343,0.036540845
39.02501208,26.79926757,28.27901042,41.64880848,0.036490841
38.99323517,26.81528954,28.2226237,41.6458476,0.036440836
38.94160881,26.84311182,28.13644531,41.47200648,0.036403333
38.85918466,26.88395514,28.09707682,41.40248554,0.036315825
38.78601765,26.92479845,27.98554036,41.90875253,0.036222066
38.73893085,26.94656799,27.86611328,41.94736254,0.03615331
38.69762977,26.97428855,27.8285612,42.09781822,0.0360408
38.63986165,26.99193815,27.73021484,42.55273589,0.035997046
38.59428804,27.0036876,27.72799479,42.5395486,0.035903287
38.53367157,27.04641286,27.7235612,42.65567047,0.035803278
38.47439027,27.08278019,27.69102214,42.6540184,0.035697018
38.42107271,27.1102973,27.64028646,42.66374775,0.035622011
38.3520002,27.15993998,27.5724349,42.7391048,0.035515752
38.28969253,27.18832176,27.47289714,43.00788902,0.03539074
38.23058925,27.23755754,27.42253255,42.98287246,0.035271979
38.15065741,27.28775972,27.24520182,43.25810729,0.03517197
38.09235523,27.32829786,27.22722005,43.29016162,0.035071961
38.02844536,27.38577351,27.20017578,43.19784929,0.034965701
37.9475344,27.44350347,27.14103516,43.21981612,0.034884444
37.8842476,27.4887719,27.01445964,43.33591303,0.03473443
37.81659927,27.5304799,27.02370443,43.26666784,0.034596917
37.75384655,27.57656214,26.99989583,43.23383691,0.034490658
37.70515755,27.588159,26.94317708,43.27613096,0.034378147
37.66830701,27.60351975,26.89366536,43.36607217,0.034278138
37.65735866,27.58602274,26.92605469,43.24140867,0.034153127
37.6503268,27.57483279,26.92176432,43.21508601,0.034084371
37.6633224,27.52819104,27.00143229,43.08423012,0.033959359
37.67845426,27.48414333,27.05572917,43.000274,0.033940607
37.70658172,27.43333079,27.05246745,43.08677135,0.033890603
37.73737952,27.37977162,27.07902995,43.09352045,0.033790594
37.77761247,27.30983444,27.1688151,42.95332485,0.03375309
37.83368938,27.22514687,27.22089844,42.90280724,0.033728088
37.89261463,27.15205615,27.3308724,42.83700445,0.033690584
37.95848274,27.06975916,27.41294922,42.73560823,0.033653081
38.03067063,26.97886625,27.57897786,42.3115072,0.033671833
38.09511457,26.89351746,27.73929036,42.02587661,0.033671833
38.1611607,26.81905343,27.82463542,41.97191799,0.033659332
38.21180794,26.75155769,27.80513672,41.94531399,0.033684334
38.24865848,26.69515017,27.84467448,41.87360024,0.033703086
38.2894255,26.63904784,27.77720052,41.93730794,0.03375309
38.33535515,26.5803006,27.83783203,41.80802044,0.033759341
38.39659469,26.50156405,27.94422526,41.5646477,0.033778092
38.45160347,26.43503471,27.98265625,41.53595682,0.033853099
38.51328806,26.35172045,28.02182943,41.32015226,0.033903104
38.57826607,26.27186491,28.19404297,40.70421014,0.033940607
38.64724956,26.18951705,28.2826237,40.37191901,0.033978111
38.72406602,26.09974314,28.35197266,39.32280974,0.034040617
38.7985682,25.99252308,28.43439453,39.36890185,0.034084371
38.88499784,25.89018591,28.51695964,38.72729259,0.034115623
38.97374177,25.79232471,28.60002604,38.47238463,0.034153127
39.06026042,25.69278503,28.70746745,38.30984424,0.034209382
39.1437527,25.58973576,28.77826823,37.3794682,0.034271888
39.22092521,25.46949467,28.85431641,36.69782137,0.034303141
39.30121309,25.34035248,28.94324219,35.76004298,0.034321892
39.37553724,25.22346838,28.98860677,35.27331797,0.034365646
39.46508227,25.09773404,29.13119141,34.92522448,0.034365646
39.55987895,24.9583683,29.2060612,34.68966251,0.034390649
39.64087892,24.85053788,29.28928385,34.78891875,0.034390649
39.7162712,24.72714326,29.38557292,34.59029053,0.034453154
39.78952722,24.63309682,29.44763672,34.76609249,0.034465655
39.86420742,24.52033265,29.56639323,34.69212862,0.034484407
39.94316014,24.40182091,29.61776693,34.73256859,0.034509409
39.99434145,24.32013428,29.70548177,34.8045881,0.034615669
40.01837441,24.26662598,29.79934245,34.74101234,0.034759432
40.01730627,24.23483635,29.83912109,34.90323845,0.034971952
40.00867221,24.21194781,29.86757812,35.26336685,0.035146968
40.00769309,24.18905928,29.88964193,35.66565096,0.035378239
39.94663157,24.24663666,29.8836263,35.92380979,0.035590758
40.00715902,24.16840874,29.85421224,36.53806761,0.035597009
39.88779533,24.27003382,29.78702474,36.65944723,0.035884535
40.02148979,24.12624297,29.77182292,36.87439335,0.035509501
39.96559091,24.17313904,29.72207682,37.10447458,0.035628262
40.00502276,24.1316345,29.73907552,37.06512476,0.035565756
39.93559421,24.19231454,29.71608073,37.1706632,0.035753273
39.9955876,24.12191958,29.72277995,36.95795064,0.035647014
39.92607004,24.1720709,29.66026693,37.09169739,0.035815779
40.00520078,24.07370108,29.61398437,37.1198148,0.035484499
39.99229419,24.08305994,29.61139974,37.00926675,0.035478248
40.00431067,24.06912337,29.5734375,36.95230049,0.035378239
39.98837771,24.04206404,29.56621745,36.57906646,0.035334485
39.97787442,24.05569543,29.50157552,36.52713046,0.035315733
39.942003,24.06871646,29.45313802,36.66046711,0.035290731
39.8949162,24.10238804,29.3727474,36.70382535,0.035253228
39.83278655,24.14028127,29.25677083,36.75159002,0.035209474
39.76326899,24.18005646,29.15945964,36.71324757,0.035103214
39.70194044,24.21708502,29.07073568,36.75174224,0.035084462
39.64265914,24.25981028,29.00816406,36.90511962,0.034990703
39.59316904,24.29093868,28.97184896,37.00831295,0.034903195
39.54332291,24.31815061,28.90447917,37.07707872,0.034853191
39.48733501,24.3458203,28.75272786,37.22570236,0.034740681
39.42022075,24.39408967,28.63827474,37.47990089,0.034646922
39.35390758,24.43467867,28.54834635,37.5463795,0.03451566
39.29791969,24.47124946,28.49231771,37.61574108,0.034459405
39.23231861,24.51021083,28.43371094,37.79027998,0.034346895
39.18781313,24.52933547,28.44280599,37.6021606,0.034290639
39.14597798,24.53711757,28.31600911,37.65624801,0.03419063
39.1404593,24.52084128,28.41244792,37.60798896,0.034259387
39.1526538,24.48254114,28.39996094,37.63025715,0.034228134
39.178645,24.43259327,28.62661458,37.34962112,0.034278138
39.20490323,24.38127209,28.52278646,37.23712593,0.034328143
39.25474937,24.31194527,28.69823568,36.43417916,0.034340644
39.30477353,24.21744106,28.75667969,35.38335936,0.034321892
39.36013835,24.13722947,28.61650391,35.96923596,0.034340644
39.4230691,24.02471962,28.77702474,35.52017664,0.034309391
39.52267236,23.88764274,28.93896484,35.40141282,0.034284389
39.57883828,23.79496961,28.98552734,35.49549726,0.034253136
39.63642837,23.72360825,29.16340495,35.55402948,0.034134375
39.69170418,23.63149462,29.30095052,35.50092339,0.034159377
39.78810305,23.51145698,29.25230469,35.92981509,0.034303141
39.90248213,23.39782813,29.56554688,35.49080434,0.034346895
39.99665573,23.28231734,29.69159505,35.13546334,0.034321892
40.01641616,23.23796445,29.70341146,34.80091291,0.034653173
39.99923705,23.23765927,29.7270638,34.54518633,0.034909446
40.02309199,23.18867781,29.88075521,33.66682939,0.035547004
39.9136085,23.25418987,29.97871745,33.91332263,0.035947041
40.02780957,23.12413214,30.14803385,33.07797433,0.036347078
39.86447445,23.25139239,30.06734375,34.22776998,0.03648459
40.01338979,23.09478396,30.10894531,34.02820938,0.03637208
39.9428041,23.13323669,30.12317708,34.41937043,0.036665857
40.04098319,23.05261819,30.31677734,34.1535766,0.037615944
40.02469418,23.03827471,30.40516927,34.05000979,0.037834714
40.03030187,23.03267974,30.50300781,34.04247743,0.039303598
40.03386231,23.02332087,30.66649089,34.00024723,0.038678541
40.02878869,23.01167315,30.69026693,33.85127833,0.04009117
40.03306121,22.99387096,30.7816276,33.92192817,0.03943486
40.05068538,22.97795071,30.78554036,33.79778371,0.040759982
40.04116121,22.96960911,30.92449219,33.53767788,0.040247435
40.04908319,22.95312937,30.93492839,32.85914642,0.041547554
40.02594034,22.96274255,31.04442057,32.36381439,0.041278779
40.06261285,22.90994634,31.12888672,31.9283568,0.042197613
40.03893594,22.90079093,31.2418099,31.33143924,0.04227262
40.06252384,22.86625467,31.30057943,30.98846696,0.042960183
40.05825132,22.84367132,31.39104818,30.62814484,0.043241459
40.06279088,22.80720226,31.44328776,30.39911178,0.043672748
40.06563923,22.77383586,31.51320964,30.23566124,0.043966525
40.0589634,22.76056051,31.55122396,30.12592065,0.044391564
40.05264363,22.73421327,31.56203125,30.25844774,0.044691592
40.06759747,22.69754075,31.63121745,30.38649741,0.044791601
40.07249307,22.66351314,31.68608073,30.48645503,0.044954116
40.06759747,22.65700262,31.7086849,30.52642869,0.04521664
40.06190077,22.63391063,31.68469401,30.64664692,0.045247893
40.06430406,22.61921111,31.65403646,30.84521843,0.045016621
40.0426744,22.61636276,31.63140625,31.04125711,0.044966617
40.06813153,22.57714707,31.58156901,31.25824345,0.044610334
40.06385901,22.56580453,31.43076823,31.55188285,0.044479072
40.06733043,22.5470868,31.42030599,31.68234156,0.044229049
40.06154472,22.55980265,31.17586589,32.17162247,0.044116539
40.06092164,22.53279418,31.09567708,32.37245651,0.043854015
40.05718318,22.52958979,31.3601888,32.06465138,0.043622744
40.06893263,22.49688462,31.34390625,32.15207524,0.043353969
40.05024033,22.52511381,31.30365885,32.22445514,0.04336022
40.06287989,22.5013606,31.26992839,32.34394886,0.043053942
40.05842934,22.50639607,31.24041667,32.41980605,0.042966434
40.05121945,22.50034333,31.18049479,32.40275287,0.042735163
40.03590956,22.50120801,31.13216146,32.51812823,0.042585149
40.04872714,22.48900079,31.0375651,32.56437125,0.042141358
40.05629307,22.46199232,30.90033203,32.38313744,0.041716319
40.02300298,22.46835025,30.71565755,32.26774454,0.041335034
40.03288319,22.44861524,30.61333333,32.44033731,0.040784984
40.04757,22.4050253,30.53953125,32.64095978,0.040359945
40.03715572,22.40588998,30.57244792,32.78891231,0.040016164
40.03608759,22.39541212,30.49410156,33.08808233,0.039678633
40.02051067,22.39271636,30.3767513,33.39267196,0.039316099
40.02193484,22.38045828,30.20216146,33.71707214,0.0387723
40.01739528,22.36799674,30.06719401,34.0487927,0.038366013
40.03350627,22.33778388,30.01764323,34.15374859,0.037840964
40.03119198,22.32389817,30.00940755,34.32308194,0.037603443
40.03315023,22.32003255,29.9242513,34.69451082,0.037172153
40.03635462,22.31957478,29.86037109,35.1418396,0.036897128
40.03154803,22.3187101,30.09438802,34.86311782,0.036690859
40.02166781,22.32059205,30.09508464,34.89417855,0.036928381
40.03208209,22.30991073,30.21893229,34.54404518,0.036678358
40.0109865,22.33447776,30.21174479,34.70968638,0.037197156
40.02736451,22.31591262,30.2659375,34.64462266,0.036784618
40.02941176,22.31382722,30.22940104,34.53905709,0.037590942
39.96594695,22.37425294,30.07559245,33.96834998,0.037203406
40.02424913,22.30624857,30.26097005,33.81236819,0.03779096
39.97155464,22.33737697,30.34128906,32.7861052,0.037372172
40.02700847,22.26428626,30.19735026,32.31611827,0.038209748
40.0174843,22.25202818,30.43828125,31.81637156,0.037565939
40.03466341,22.21337199,30.46261719,31.44345134,0.038909812
40.01695023,22.20472521,30.64728516,31.90406167,0.037978477
40.05006231,22.16810356,30.65621094,32.09553781,0.03921609
40.04214033,22.15075914,30.66255859,31.62691813,0.03855353
40.04935022,22.1367717,30.69779297,32.78391738,0.039422359
40.03243814,21.76348516,30.67524089,32.14311419,0.038047233
40.04561176,21.7769131,30.83796875,31.09205287,0.038928564
40.06982274,21.7560591,31.08608073,30.05516301,0.039316099
40.06670736,21.72930495,31.2358138,29.17722004,0.040822487
40.07178098,21.71501233,31.15443359,30.5405625,0.041372538
31.65882099,30.65980011,30.64301432,32.32227894,0.145263299
30.79594873,31.87970804,30.8078125,32.1779273,0.219620107
30.58285649,32.19048346,30.97421875,31.81017707,0.254042008
30.53844002,32.24210981,31.09632813,31.45202524,0.273118755
30.55757738,32.19536634,31.22447266,30.99138843,0.284963589
30.61748175,32.10269322,31.28467448,30.60958386,0.292814308
30.68842349,31.98326594,31.40780599,30.11943063,0.298058538
30.77262786,31.83738969,31.50001302,29.83071449,0.302027651
30.85069047,31.69537906,31.58483724,29.58461656,0.3047404
30.92910913,31.56659291,31.66207031,29.46595604,0.306559316
30.99622339,31.44584319,31.74072266,29.16774308,0.307996948
31.0506981,31.34706645,31.76590495,29.20093605,0.309322069
31.09929808,31.25083289,31.80690755,29.1015661,0.310134644
31.12520027,31.18516823,31.78119141,29.04278268,0.310190899
31.14789807,31.12932021,31.77602865,28.96058083,0.310740949
31.17246509,31.07270924,31.80620443,28.37194488,0.310459673
31.19222553,31.01513186,31.80551432,27.56605202,0.310053386
31.19747718,30.94758526,31.77534505,27.13941704,0.309828366
31.18243432,30.9209837,31.73435547,27.11582127,0.30954709
31.14905521,30.89789171,31.66141276,27.46973357,0.308797021
31.10980138,30.90313064,31.60779948,27.85755441,0.30802195
31.06218051,30.93161415,31.51662109,28.29470299,0.307346888
31.01705196,30.96492968,31.48016276,28.44613417,0.306871845
30.97512779,30.98532591,31.44656901,28.26678899,0.30605302
30.93115638,31.00607818,31.34888021,28.34306653,0.305146687
30.88451464,31.02744081,31.29596354,28.56743599,0.304327862
30.83217619,31.06360469,31.21866536,28.68594295,0.303515288
30.77396302,31.09864958,31.12854167,29.07515984,0.302640208
30.71521579,31.1440706,31.00548828,29.31457454,0.301677619
30.65664658,31.19406933,30.91796224,29.5394502,0.300671277
30.59629714,31.25195188,30.83608724,29.60660712,0.29972119
30.51360596,31.31532769,30.79255859,29.54756537,0.298802356
30.44213016,31.39004603,30.7058724,29.71540177,0.298221053
30.36834007,31.4565245,30.62089844,29.80880801,0.297439731
30.29597416,31.52432542,30.56866536,29.68477471,0.296408387
30.23687088,31.58373388,30.46363932,29.93297009,0.295402045
30.15969838,31.67177844,30.35470052,30.10709617,0.294445707
30.14260828,31.69568424,30.24929036,30.41559485,0.294420705
30.28217746,31.49772386,30.15852214,30.55030369,0.25657349
30.23660385,31.52885227,30.00854167,30.88460635,0.250829214
30.32516976,31.39065639,29.93680339,31.08982599,0.231252422
30.35383129,31.32875563,29.83825521,31.24504011,0.219963888
30.36718293,31.28358892,29.76822917,31.43348304,0.211075575
30.35810381,31.26970321,29.74079427,31.54401571,0.205025021
30.39121589,31.21019303,29.69604818,31.55511295,0.198399414
30.37279062,31.20576791,29.70769531,31.49638193,0.19540539
30.39299611,31.16446682,29.77146484,31.64048064,0.191511283
30.42530709,31.09864958,29.71164062,31.94626338,0.187885951
30.37946644,31.13349101,29.86176432,31.55960969,0.189111064
30.38916864,31.11121284,29.86415365,31.71366246,0.188698526
30.41008621,31.08272933,29.92942708,31.76465017,0.188023464
30.39103787,31.08476387,29.84272135,31.12057076,0.189173569
30.36923018,31.08232242,29.68610026,31.32675122,0.188923546
30.36202029,31.07764299,29.77300781,31.85967848,0.190323675
30.33033239,31.1123827,29.83636719,31.52665914,0.193999011
30.38783347,31.01365682,29.94160156,31.84961322,0.193055175
30.30612141,31.10170138,30.07063151,31.69376399,0.203174851
30.33318074,31.05836576,30.16689453,31.14082905,0.206143873
30.22254012,31.17804735,30.33273437,30.93531785,0.225670661
30.20865441,31.18415096,30.49494141,30.87800094,0.238409327
30.13201597,31.21838204,30.49736979,30.1053291,0.249710362
30.16041047,31.15068284,30.58085937,29.88808402,0.263305356
30.22779177,31.03980062,30.77547526,30.10706551,0.269118389
30.26891483,30.97418682,30.76327474,30.58551757,0.272199921
30.28440274,30.94265151,30.76964193,30.49707606,0.274043839
30.30256097,30.91457491,30.78039063,30.43373901,0.275012678
30.33380382,30.85598026,30.9189974,30.08880265,0.275643986
30.40225325,30.76290023,31.01784505,30.12131718,0.277037864
30.48716971,30.63579258,31.13833984,30.04244475,0.277825436
30.59077846,30.4987157,31.24797526,29.94280628,0.278400488
30.68308283,30.36097759,31.29630859,30.02836238,0.279056798
30.78544544,30.22237481,31.45321615,29.78151323,0.279319322
30.88558277,30.07482007,31.54642578,29.20143285,0.280613191
30.99488823,29.93830269,31.69003255,29.20142183,0.281119487
31.07633326,29.8216729,31.66089193,29.32028031,0.281244499
31.15938048,29.72487984,31.65952474,29.41266579,0.281900809
31.23868925,29.62086417,31.91567057,28.77398,0.282357101
31.31479362,29.51166044,32.02636719,28.36427169,0.282732135
31.37968261,29.42092012,32.06403646,28.18525705,0.282763388
31.43406831,29.34935531,32.10432292,27.97531283,0.283138422
31.48231225,29.28135093,32.16476563,27.62271406,0.282688381
31.52717377,29.19768063,32.18895182,27.35525405,0.282688381
31.5460441,29.16304265,32.15414063,27.4180511,0.282450859
31.55485618,29.13150734,32.14865885,27.38531561,0.281832052
31.55814959,29.11339996,32.14541667,27.46147497,0.282150832
31.55717047,29.09102007,32.15136719,27.50595102,0.281832052
31.56090893,29.08308537,32.1404362,27.593445,0.281663287
31.55289794,29.07240406,32.12541667,27.53018855,0.281344508
31.54435289,29.06802981,32.10242839,27.67767755,0.281075733
31.53767707,29.08801912,32.07995443,27.88494667,0.280550685
31.51426719,29.09061316,32.0357487,28.06971811,0.280488179
31.48640675,29.12362351,31.99207682,28.20625675,0.28005689
31.45365072,29.15251392,31.93035156,28.41768416,0.280094393
31.42311996,29.19228911,31.90472005,28.52706503,0.27983812
31.38742657,29.22479082,31.83802734,28.577683,0.279519341
31.35262328,29.2641591,31.79433594,28.74730712,0.278825527
31.31479362,29.30291702,31.7511849,28.751087,0.278913035
31.28355077,29.34284479,31.72013672,28.84465948,0.278831778
31.25488924,29.36486865,31.72289714,28.61946915,0.278000452
31.21821673,29.39650568,31.62198568,28.61309445,0.277856689
31.17566949,29.43394115,31.48527995,29.23226995,0.277569162
31.11656621,29.48409247,31.42888021,28.86501616,0.277025362
31.06458381,29.54400956,31.375625,29.14053589,0.276850346
31.0158058,29.59782305,31.36672526,28.70351698,0.276281544
30.96106406,29.65133135,31.26494792,29.15129603,0.275550227
30.89955749,29.72279444,31.12115885,29.55466168,0.275343958
30.8257674,29.79807228,31.07528646,29.67429127,0.274837662
30.75785204,29.8824038,30.89863281,30.12224794,0.274543885
30.68272679,29.96693879,30.81912109,30.20171002,0.274212605
30.61427736,30.06942855,30.67608073,30.43690042,0.273406281
30.53051804,30.17685206,30.63428385,30.4062451,0.272781224
30.45646092,30.28590321,30.57655599,30.30388076,0.272318682
30.38062359,30.38559548,30.43175781,30.53143708,0.271774882
30.29472801,30.47933674,30.29723958,30.66878618,0.271187328
30.2231632,30.571959,30.24483073,30.76198617,0.270962307
30.1614786,30.63742021,30.21552083,30.6820689,0.270174735
30.10762697,30.70267796,30.22064453,30.73265012,0.269493423
30.21550825,30.59688207,30.30371745,30.52867578,0.258448662
30.12213575,30.67205819,30.34814453,30.5181299,0.256179704
30.17928079,30.6297907,30.30681641,30.67560639,0.260273829
30.11563795,30.66249587,30.39403646,30.75514317,0.255904679
30.2069632,30.57323059,30.4550651,30.48174453,0.256117198
30.14616871,30.59800107,30.45643229,30.64089799,0.253967001
30.12498411,30.64484627,30.39249349,30.09936514,0.262005237
30.1200885,30.62312759,30.38203776,29.72926819,0.264680482
30.13700058,30.57796089,30.48522135,29.65824143,0.265355544
30.16842145,30.52180769,30.43466797,29.70481563,0.265843089
30.21123573,30.44637725,30.69489583,29.66516822,0.265986852
30.2792401,30.14821597,30.79804036,29.58995802,0.260630111
30.35748074,30.04720124,30.92038411,29.4865086,0.257292306
30.45672796,29.91012436,30.98326823,29.51474852,0.257304807
30.5756466,29.77884591,31.13386719,29.81977914,0.257048533
30.67302459,29.64894077,31.19865234,29.2877081,0.257192297
30.78455533,29.49818163,31.42597005,29.09397486,0.257136042
30.87748277,29.38562092,31.55552734,29.30662484,0.257723595
30.93462781,29.31649755,31.42031901,29.56574152,0.257786101
30.92991023,29.32412706,31.41261719,29.50942473,0.257911112
30.93809923,29.31069912,31.37835286,29.0863825,0.257704844
30.94165967,29.29630477,31.45819661,28.97897741,0.257936115
30.97646296,29.25073116,31.43265625,29.04921298,0.257892361
31.03049261,29.1710282,31.58828125,28.78132355,0.257861108
31.14496071,29.035935,31.85638672,28.57557226,0.258311149
31.27269144,28.87800412,31.99979818,28.28627072,0.258804944
31.39739579,28.72948297,32.09657552,27.88311996,0.25886745
31.52405839,28.56483813,32.22751302,27.40105013,0.25941125
31.61565067,28.4482592,32.29997396,27.1468685,0.259492507
31.68935175,28.35553521,32.3456901,26.90256806,0.259104972
31.73430228,28.26850792,32.38047526,26.11436044,0.259254986
31.79385061,28.17578393,32.45072917,25.33351973,0.259236234
31.86746268,28.04013123,32.51759115,24.94741084,0.259273737
31.95424837,27.89364462,32.65683594,24.21743481,0.259136225
32.04557361,27.74064749,32.73226563,23.81751726,0.258704935
32.11339996,27.60947077,32.7810612,23.52165966,0.25810488
32.19333181,27.45825386,32.91213542,23.74785786,0.257942365
32.27913837,27.31237761,32.98460286,24.25733306,0.257454821
32.34171308,27.20876885,33.00496745,24.50715739,0.2572298
32.38550647,27.12845553,33.02693359,24.60776603,0.257042283
32.39422955,27.08796826,33.0055013,24.88883008,0.257261053
32.39823504,27.06879276,32.98357422,25.10608288,0.256229709
32.38924493,27.07174283,32.9603125,25.31908909,0.255560897
32.36903944,27.06518146,32.91933594,25.56767433,0.255604651
32.35818011,27.0748455,32.89534505,25.68309028,0.254973344
32.32613616,27.09137611,32.85972656,25.89775345,0.254410792
32.30379441,27.11309478,32.81464844,26.0665046,0.254304532
32.27379772,27.12952366,32.77521484,26.31098328,0.253879493
32.23837135,27.16034689,32.72470703,26.56137918,0.254135767
32.20517027,27.19996948,32.70688151,26.73965346,0.254273279
32.17499555,27.24462755,32.66160156,26.7634458,0.253679475
32.13974721,27.27890949,32.62123047,26.887608,0.25372948
32.12060985,27.30525673,32.6270638,26.66182823,0.253373197
32.09150327,27.33221434,32.49440755,26.90927076,0.253229434
32.04352636,27.39101244,32.44063151,27.27183758,0.253098172
31.98789451,27.44172325,32.34843099,27.12971343,0.253035666
31.92781211,27.51959513,32.22304688,27.40003032,0.252591875
31.86808576,27.57574833,32.12488932,27.48649151,0.25264188
31.80203962,27.64476997,32.07036458,27.6396542,0.252229342
31.74427151,27.70901045,31.99325521,28.01106594,0.251898062
31.67021439,27.80285344,31.9171875,28.15866999,0.251841807
31.60265507,27.88398057,31.84315755,28.30660725,0.251635538
31.53429465,27.96342921,31.74276693,28.66793215,0.251191747
31.46744742,28.05635665,31.68024089,28.95466115,0.25111674
31.40175733,28.14348567,31.60967448,29.13097934,0.250741706
31.33019252,28.23982096,31.48373047,29.309526,0.25034792
31.25346507,28.3458203,31.31031901,29.44172414,0.249985387
31.16730246,28.46896061,31.20841146,29.55439302,0.249891628
31.08452227,28.56382086,31.12872396,29.81232381,0.249566599
31.00957504,28.67363495,31.03226562,29.98696249,0.249329077
30.93907836,28.76986852,31.00790365,29.94710084,0.249166562
30.87659266,28.84936802,30.97335286,30.03039046,0.248397741
30.82977289,28.92342514,30.96373047,30.07362856,0.24871027
30.80342565,28.97637395,30.94884766,30.20759781,0.248729022
30.78945093,29.00348414,31.08712891,30.09420549,0.248278981
30.79203225,29.01970957,31.12597005,30.01041415,0.248691518
30.79924214,29.01553877,31.12614583,29.98966443,0.248810279
30.80689708,29.01045243,31.14910807,30.08917918,0.248635263
30.82229597,29.01894662,31.16798828,29.96621634,0.248178971
30.8192696,29.01955698,31.1945638,29.94551934,0.24816647
30.8354696,29.0192518,31.23819661,29.78993059,0.248147719
30.83920806,29.01757331,31.26132812,29.89012017,0.248403992