In_Temperature,In_Humidity,Out_Temperature,Out_Humidity,SP3S-AQ2-01
35.22477811,28.92830803,30.90582031,40.14899067,2.37666759
35.21534295,29.00170392,30.82921224,40.54037976,2.377348903
35.22629129,29.04692149,30.73998698,41.46083209,2.373611061
35.22406602,29.11889321,30.60341146,42.1981181,2.367835532
35.21632207,29.18140434,30.33734375,42.68576058,2.363147603
35.2189924,29.23852394,30.21878255,42.97131162,2.353377958
35.20225834,29.32611073,30.10022786,43.12178459,2.345977281
35.20323746,29.37687241,29.94365234,43.39593598,2.336176383
35.21213855,29.4206658,29.81511719,43.46006847,2.32555041
35.19834185,29.49233234,29.65787109,43.57211199,2.316268311
35.18908471,29.55886168,29.59531901,43.50018689,2.307623769
35.19050889,29.60306198,29.52591797,43.41056268,2.296754024
35.18988581,29.63413952,29.34809896,43.49108137,2.287409419
35.18285395,29.67940795,29.34176432,43.20583906,2.278714873
35.15125505,29.75199003,29.24426432,43.13154218,2.27322687
35.17350779,29.75448234,29.14662109,43.10878698,2.263169699
35.17689021,29.78449175,29.09912109,42.99154852,2.252662487
35.15508253,29.82314794,29.00166016,43.04854911,2.244505491
35.15917703,29.8465451,28.88139974,43.19971972,2.237704868
35.14555835,29.88749015,28.74759766,43.32894169,2.232304374
35.16665395,29.87614761,28.73729818,43.3535742,2.223409809
35.14244297,29.9235523,28.67666016,43.41701808,2.220672059
35.13550011,29.94567788,28.63348307,43.57337706,2.21489653
35.1411078,29.9448132,28.56856771,43.61172238,2.208189666
35.14609242,29.96139467,28.56203776,43.70916464,2.202751668
35.12303858,30.0134788,28.50599609,43.84787211,2.199076331
35.14101879,30.01571679,28.41570964,44.12400317,2.193563327
35.15232319,30.01734442,28.37459635,44.15344982,2.185387578
35.13995066,30.0546273,28.36899089,44.11360146,2.190356783
35.15739681,30.05279622,28.40013021,44.15245844,2.185606348
37.59175759,27.16802726,28.5740625,43.90110288,1.973405671
39.04966812,25.68459602,28.75,43.57319093,1.928426553
39.44808118,25.30195061,28.66313802,44.14186531,1.90938731
39.56913609,25.20113934,28.55691406,44.11131199,1.903518022
39.59299102,25.19625645,28.51115885,44.1711773,1.904336847
39.59414817,25.21904326,28.5433724,44.17801913,1.906380784
39.53184049,25.30291702,28.47330078,44.61334812,1.911968796
39.54154269,25.33562219,28.51098307,44.49561132,1.916700479
39.58088553,25.31527682,28.52776042,44.15363182,1.921800946
39.50033061,25.40230411,28.55125651,43.45626869,1.924551198
39.39431856,25.51186389,28.37751953,43.0348988,1.925763809
39.27807024,25.62381425,28.27628255,42.38995906,1.923432345
39.37331197,25.52849622,28.6079362,41.94194281,1.926657641
39.5246306,25.36222375,28.92249349,41.08277164,1.931483083
39.65325144,25.22250197,28.99361328,40.34964584,1.934933398
39.75160856,25.10627909,29.07276693,39.6355568,1.937014839
39.69419649,25.14549477,28.73885417,38.18471329,1.936871076
39.71680527,25.08547595,29.12141927,38.1903969,1.94325291
39.78961624,24.98252842,29.22490885,37.34563765,1.947465796
39.87907225,24.8648305,29.35307292,37.09486747,1.946896994
39.96078431,24.75374482,29.38455729,36.8134254,1.948140858
40.00475573,24.67566949,29.57788411,36.51087926,1.951091128
39.98054475,24.65379822,29.53826172,35.44719256,1.953791375
40.01828539,24.58253859,29.66302083,35.07910654,1.956585381
39.94556344,24.59657689,29.75757161,35.52320215,1.959954439
40.00849419,24.50720989,29.8230013,34.78262039,1.965617458
39.88824038,24.57592635,29.91550781,34.56850616,1.964392345
40.02193484,24.38422217,29.81839193,34.35038754,1.96564246
39.9541975,24.39576816,29.97207031,34.60417826,1.958298038
40.02789858,24.28361435,29.97619141,34.01708164,1.967623891
39.76709646,24.47048651,29.89084635,33.05320887,1.96651754
40.02629638,24.1456728,30.00632812,33.27352769,1.955254009
40.00537881,24.0931309,30.0016862,33.0953833,1.953378837
40.00911727,24.03499402,30.03873047,32.39981429,1.955785307
39.92046235,24.05564457,30.02636719,32.56634982,1.952560012
40.00867221,23.93169045,29.94809245,32.91600615,1.951691183
39.82219425,24.03626561,29.80673177,32.9195207,1.949265961
40.01249968,23.78662801,29.82747396,33.61491723,1.939621328
39.98116782,23.77320007,29.69173828,33.29715727,1.937533637
39.99923705,23.70122835,29.50792318,32.65413132,1.929314134
39.93603927,23.68678314,29.42039062,32.70003835,1.92686391
39.86296127,23.70275425,29.31039714,32.6730422,1.924532446
39.77341624,23.71709773,29.23483073,32.82181326,1.921500919
39.69642176,23.72009868,29.15091146,32.90851134,1.91900694
39.61916025,23.73551029,29.03166016,33.02233613,1.916212935
39.54866356,23.73362834,28.94391276,33.11139261,1.913406428
39.47727677,23.74659851,28.80804688,33.15953023,1.909956112
39.38123395,23.75890745,28.69773437,33.10286249,1.90753714
39.34260319,23.7202004,28.76917969,33.15031916,1.904199335
39.31848122,23.669337,28.65011719,33.34259807,1.901805365
39.25145597,23.67330434,28.58534505,33.35697937,1.898748836
39.17188017,23.69370057,28.44366536,33.45337964,1.895642301
39.10129447,23.68988581,28.37222005,33.57388357,1.89311707
39.1031637,23.60296025,28.30313802,33.58387141,1.883541193
39.08918898,23.55738664,28.20924479,33.69187523,1.893692123
38.99074286,23.58149589,28.11227865,33.86264826,1.890148048
38.81610335,23.67081203,27.98606771,34.03975423,1.879740845
38.70181328,23.72004781,27.87571615,34.1119126,1.876784325
38.59437705,23.74959945,27.75285807,34.15969662,1.872815211
38.49468477,23.779558,27.67097656,34.33315936,1.868764841
38.38493426,23.83128608,27.54416016,34.39601362,1.865295773
38.30660461,23.83784746,27.45697266,34.5162909,1.863720629
38.20219476,23.87279062,27.39822266,34.55789619,1.858795178
38.11086951,23.89659469,27.28855469,34.65716162,1.855038584
38.04455634,23.90681824,27.21216797,34.7174183,1.851957052
38.07437502,23.80972,27.21901693,34.81247536,1.857370047
37.98322779,23.84384934,27.28959635,34.79884135,1.847450389
37.97405966,23.77681137,27.26048177,34.98153813,1.845562716
38.03948272,23.6572315,27.41654948,34.93465309,1.845568967
38.1196816,23.526716,27.46127604,35.0338457,1.846156521
38.11327281,23.47544569,27.58753255,35.12108432,1.842162405
38.13410137,23.40678009,27.60825521,35.29159017,1.84156235
38.18012004,23.31446301,27.7302474,35.55097456,1.839962204
38.23210244,23.23008062,27.82719401,35.54706397,1.839549666
38.22453651,23.19584955,27.70646484,36.02572596,1.839343397
38.26396836,23.12097861,27.83731771,35.95989635,1.83959342
38.2683299,23.08242415,27.73776042,36.02203089,1.839105875
38.28995956,23.03003484,27.96015625,35.72381318,1.837361966
38.36214745,22.93044429,28.00248047,35.77522385,1.837505729
38.4510694,22.81900257,28.20223958,35.86049669,1.836768161
38.56722871,22.69184405,28.23154948,35.53239832,1.838224544
38.68045065,22.55731034,28.36570964,34.89144335,1.838049528
38.79901325,22.42292922,28.48032552,34.23031609,1.840268482
38.91303629,22.27588312,28.69632812,34.32603879,1.83981844
39.03907581,22.15462476,28.76747396,34.08915483,1.840837284
39.13173622,22.04954096,28.67942057,33.61741889,1.839105875
39.22279444,21.93443707,28.94942057,33.37451404,1.840168472
39.31029221,21.8231988,28.93485026,33.27401906,1.84057476
39.40580097,21.70997686,29.10120443,33.21231391,1.84013722
39.52738994,21.57422243,29.22884766,33.05208331,1.840812281
39.6447954,21.45581242,29.45760417,32.78620011,1.840724773
39.78712393,21.30042471,29.40289714,31.42676374,1.840656017
39.9201063,21.13282979,29.37514323,30.24467117,1.839349647
40.01321177,21.01818367,29.79509115,30.05065866,1.839168381
40.02264693,20.97276265,29.96403646,30.40147909,1.843781303
40.01614913,20.95440096,30.1158138,31.14846774,1.846881587
40.00965133,20.92749421,30.05690104,31.28416049,1.849888112
39.92918542,20.9735256,30.17630859,30.68439991,1.848050444
40.01561507,20.87800412,30.25188151,30.65482563,1.853800971
39.93149971,20.90979375,30.31799479,29.74471078,1.852757125
40.02309199,20.80069174,30.41098958,29.42012848,1.859795269
39.90969202,20.86086315,30.41013672,29.82326197,1.855657391
40.01677221,20.74703085,30.46947917,29.01341394,1.864514451
39.91218433,20.78675517,30.51448568,28.9155236,1.855782402
40.02772056,20.66941329,30.53471354,28.52670322,1.866977177
39.90452939,20.72465095,30.52889974,28.77152428,1.856838749
40.02505023,20.58564126,30.49360026,28.89810664,1.865614552
39.91823707,20.62846825,30.59501953,28.89099532,1.853632205
40.03021286,20.50837975,30.61401693,28.89838662,1.865389532
39.90524147,20.57750312,30.57551432,29.43576571,1.853407184
40.02869968,20.45064978,30.54791667,29.42601952,1.862451763
39.89767554,20.53472699,30.49325521,29.36913126,1.850488167
40.02745352,20.39536126,30.44340495,30.266021,1.858738923
39.87408764,20.49937692,30.39164063,30.34860841,1.847712913
40.0207777,20.36011292,30.36749349,30.02115744,1.852725872
39.85975687,20.46122937,30.26886719,30.24011842,1.844443864
40.01196562,20.30609598,30.23042318,30.16456816,1.84648155
39.82548765,20.43681493,30.06201823,30.08708712,1.840049712
40.01570408,20.24724702,30.00889323,30.23786707,1.834617964
39.83981842,20.36474149,29.77865234,30.28366739,1.830561343
40.01828539,20.179853,29.75295573,30.28298073,1.820104136
39.96657003,20.20080873,29.61670573,30.32408108,1.817260125
40.01792935,20.12308944,29.61775391,30.50108643,1.810947047
40.00181837,20.10986496,29.61945964,30.51350123,1.808628085
39.98134585,20.10304926,29.56535807,31.20017496,1.805934088
39.95161618,20.10167595,29.45364583,31.09653248,1.804546461
39.89589532,20.13122759,29.39192708,31.15068339,1.803296347
39.82557666,20.17146054,29.29082682,31.26128441,1.801464929
39.74279647,20.19684138,29.18460937,31.44556597,1.799108463
39.6699855,20.23737952,29.07450521,31.65656952,1.797702085
39.58720531,20.2756288,29.00214844,31.79195994,1.795945674
39.50006358,20.3348338,28.89113281,32.04911753,1.794014247
39.42725261,20.3744564,28.7915625,32.30197127,1.791307749
39.34910099,20.41916533,28.71260417,32.81169143,1.789507584
39.27593398,20.4622975,28.66828776,33.07829909,1.78858875
39.19822741,20.51112637,28.57492187,33.63411802,1.786857342
39.13547468,20.55720862,28.51233724,34.06565587,1.784750899
39.08278019,20.59377941,28.48447266,34.48699947,1.783644548
39.0551868,20.62109305,28.28263672,36.06070015,1.78323201
38.87022202,20.77007197,28.00231771,36.96850375,1.780150478
38.7084891,20.92337428,27.96925781,37.48023032,1.778512828
38.65472648,20.98629231,27.98349609,37.59302077,1.778312809
38.66852318,21.00536609,28.08250651,37.53760759,1.777518987
38.68721548,21.00724804,28.17535807,37.79869276,1.778094039
38.72451108,21.00511177,28.2046224,37.72357316,1.778137793
38.7864627,20.96391241,28.42207031,37.51128305,1.778456573
38.80862643,20.97301696,28.29888021,37.79637954,1.779212892
38.91134508,20.92220442,28.5351237,37.41479926,1.78137559
38.9626154,20.90689453,28.51423828,37.10530857,1.781775626
39.02047252,20.88919407,28.71347656,36.7966851,1.783400775
39.11571425,20.83782203,28.78510417,36.77726405,1.784144593
39.21540653,20.78121106,28.85349609,36.5952442,1.786144776
39.37865263,20.66315709,28.90742839,36.82101759,1.790938965
39.41915262,20.66122428,29.073125,37.9556703,1.78836998
39.49890644,20.63035019,29.13511068,37.12909525,1.790945216
39.57883828,20.59138883,29.30401693,36.1144731,1.792820388
39.67096462,20.53523562,29.41489583,36.18276828,1.793707969
39.76852064,20.4757763,29.59172526,35.81412562,1.793264178
39.8794283,20.41255309,29.55215495,35.91388743,1.794020497
39.97618321,20.36072328,29.62341146,35.4498347,1.797095779
40.00991836,20.35614557,29.66419271,35.26775809,1.801464929
36.74953587,24.48706798,28.16218099,37.47474468,1.963436008
39.14633402,22.02487221,29.80416667,34.74031457,1.866402124
40.03181506,21.18537168,30.40296875,33.96125354,1.847331628
40.04036011,21.17474123,30.7550651,33.64958562,1.863926898
40.0516645,21.1575494,30.94932292,33.58580482,1.869102371
40.0459678,21.17733527,30.98105469,33.55604131,1.879597082
40.04409857,21.18684672,31.04973958,33.42566333,1.879309556
40.03368429,21.19946085,31.05934245,33.64569599,1.885266351
40.05184253,21.19727372,31.09446615,33.83779056,1.882297329
40.05709417,21.2163475,31.08182292,33.80949053,1.884916319
40.04481066,21.24773022,31.10336589,33.55306344,1.885022579
40.05255461,21.2423387,31.06912109,33.33117024,1.885791399
40.04098319,21.26914371,31.0588151,33.17485422,1.884972574
40.04454363,21.28109662,30.99919922,33.19340662,1.88295364
40.04748099,21.28603037,30.98842448,33.19499175,1.881309739
40.04988429,21.29355815,30.93529297,33.37930941,1.879190795
40.05380077,21.30245925,30.9111263,33.33607911,1.877653154
40.03564253,21.30134025,30.83969401,33.51719265,1.875602967
40.04454363,21.3083594,30.77033203,33.92389486,1.872346418
40.04587879,21.30749472,30.74904948,33.38682879,1.869702426
40.03475242,21.32509346,30.70567708,33.52265079,1.869027365
40.04400956,21.32784009,30.66889974,33.8442341,1.866383373
40.03831286,21.34538796,30.64917318,34.47904874,1.865202014
40.02905572,21.37280334,30.52426432,35.45400671,1.862376756
40.02923374,21.39152107,30.48180339,35.77093801,1.860357821
40.02789858,21.41868213,30.42333984,36.08148238,1.856982512
40.0377788,21.44080771,30.35192708,36.49349689,1.853788469
40.02683045,21.46954554,30.0855013,37.34714912,1.85008188
40.0337733,21.51079576,30.06100911,37.63393511,1.845112675
40.02148979,21.55265634,29.98370443,38.07311642,1.842862469
40.0174843,21.59451692,29.78171875,38.74417571,1.836474384
40.02095572,21.62310216,29.69211589,38.99951081,1.834724224
40.01249968,21.6744742,29.74076823,38.840346,1.82834239
40.02602935,21.70661987,29.68217448,38.79780289,1.829711265
39.98900079,21.79288421,29.58145182,38.88650682,1.823241923
40.0174843,21.78850996,29.56432943,38.87549008,1.826242197
39.80421403,22.03896137,29.52113281,39.3991682,1.824035745
40.00297551,21.90391903,29.4164388,40.01540765,1.817178868
39.90292719,22.04735383,29.37087891,40.32013309,1.815422457
40.01837441,21.9874876,29.3734375,40.2720237,1.809259393
39.95081509,22.10513466,29.33505208,40.50851611,1.80857808
39.99621068,22.11403576,29.29029948,40.72841145,1.803533868
39.98819969,22.18254877,29.2969987,40.80452388,1.801883717
39.98277002,22.25731797,29.27065755,40.96827217,1.801658697
39.96888431,22.32359299,29.28552734,41.12807804,1.801464929
39.95793596,22.39368276,29.28775391,41.05858173,1.802071235
39.96496783,22.45070064,29.22009115,41.29841514,1.802727545
39.88672719,22.57312886,29.13117839,42.08640327,1.802883809
39.85414918,22.6719056,29.20280599,41.85536437,1.802883809
39.84738435,22.72231123,29.19335938,42.10732084,1.803352602
39.8559294,22.78502581,29.22061849,41.96999437,1.803577622
39.90915796,22.79316396,29.25265625,42.23700477,1.805396539
39.93025355,22.84097556,29.18804687,42.1409686,1.807196704
39.87497775,22.95602859,29.11145833,42.13714247,1.807284212
39.8681239,23.02978052,29.26380859,41.76687208,1.806927929
39.93105465,23.00968948,29.34894531,41.42939505,1.807421724
39.990692,23.02108288,29.48788411,41.39959889,1.808403064
40.01463595,23.04173342,29.65496745,40.99786481,1.823748219
39.95455355,23.1404593,29.50603516,40.69359828,1.842481184
40.0256733,23.11350169,29.48360677,40.9351417,1.844362606
39.99095903,23.21360087,29.75348958,40.73954722,1.847169113
40.01561507,23.21502505,29.86192708,40.36545911,1.85619494
39.92242059,23.37046362,30.01661458,39.56813442,1.858582658
40.02416012,23.29716945,30.06632812,39.41281408,1.865245768
39.95099311,23.41512169,30.14580078,39.30257811,1.863764383
40.02834363,23.37488874,30.18552734,39.37144403,1.874821645
39.95072608,23.50616719,30.26576172,39.29455464,1.869071119
40.0199766,23.45784695,30.32690104,39.24818612,1.88427251
39.99167112,23.53571883,30.43245443,39.16385782,1.874059075
40.02460517,23.54441647,30.47272786,39.10018697,1.895886074
40.02816561,23.57946136,30.56799479,38.88240544,1.879215797
40.04356451,23.61282775,30.58424479,38.79383338,1.90426184
40.04392055,23.67706823,30.63700521,38.7049836,1.88382872
40.03154803,23.71628392,30.61007812,39.65783807,1.908618489
40.02691946,23.80671906,30.54928385,41.70098749,1.883522442
40.04329747,23.84089927,30.54860677,41.8698087,1.90568072
40.0215788,23.95229012,30.53369792,41.74528869,1.883809968
40.03252715,23.98148572,30.48384115,41.74312947,1.905768228
39.97493706,24.12497139,30.45009766,41.52067023,1.884510032
40.01383485,24.11739274,30.4303776,41.66097209,1.904161831
39.94814476,24.26581216,30.3704362,41.03445934,1.88536011
40.02602935,24.22654561,30.38870443,40.9704263,1.901055297
39.94707663,24.35685766,30.35708984,40.3924604,1.884622542
40.03448539,24.29185423,30.30718099,40.31530773,1.898836344
39.94307113,24.44388495,30.28490234,40.14168152,1.884947572
40.02140078,24.38381526,30.24739583,40.07664677,1.897980015
39.90604257,24.53879606,30.19615885,39.92889971,1.885016328
40.03902495,24.44439358,30.15851562,39.82213149,1.89311707
39.9111162,24.59983215,30.09747396,39.66435515,1.882659863
40.01855243,24.50481931,30.08292318,39.5571157,1.89060434
39.86981511,24.66478472,30.01815104,39.52755635,1.881584764
40.01944254,24.53808398,29.91554036,39.6992165,1.884441276
39.86331731,24.70817121,29.83878255,39.70364247,1.877665655
40.01864144,24.57333232,29.74711589,39.89893209,1.877578147
39.85227995,24.74408077,29.58263672,40.01799193,1.872771457
40.02264693,24.59342336,29.5639974,40.02135388,1.868908604
39.89509422,24.72734671,29.57153646,39.95294094,1.865958334
40.01472496,24.62958724,29.4191862,40.26821233,1.861939216
39.87515577,24.77709112,29.32477865,40.76963729,1.860170304
40.01614913,24.65791816,29.30180339,40.88706359,1.851919548
39.96425574,24.71513949,29.20742188,41.23944916,1.849188048
39.9979909,24.70201673,29.30198568,41.15142629,1.845481459
39.92865136,24.79092597,29.19745443,41.2559946,1.844137586
39.97796343,24.7477938,29.26022786,41.1666334,1.838162039
39.95936014,24.78426286,29.21270833,41.20558136,1.835293026
39.93354696,24.84041606,29.2105013,41.28031808,1.832867804
39.90684367,24.86640726,29.11266927,41.50409735,1.830536341
39.87907225,24.90170647,29.12192708,41.43561291,1.828492403
39.84569314,24.94931462,29.11096354,41.54553906,1.826604731
39.8055492,25.01248697,29.03352214,41.80596963,1.824485787
39.77973602,25.05597518,28.96690755,42.01535716,1.82256061
39.74119427,25.11014471,28.95044922,42.24401187,1.820522924
39.68404924,25.18649068,28.95283854,42.49679169,1.818303971
39.66001628,25.23277638,28.80341797,42.88533098,1.816416298
39.63001958,25.28216475,28.85740234,42.70611731,1.815028671
39.59806465,25.32316065,28.90310547,42.65511804,1.813797308
39.57056026,25.3707688,28.89353516,42.78417738,1.812484688
39.55320312,25.42432797,28.85723307,42.81906156,1.811365835
39.52970423,25.44579232,28.80821615,42.91197073,1.810259484
39.5181328,25.4836347,28.75274089,43.96020168,1.809253142
39.49792732,25.54426388,28.69087891,44.47377277,1.808378062
39.47629765,25.61999949,28.66332031,46.13007837,1.807421724
39.42155591,25.71587701,28.61977214,47.04851184,1.806421633
39.3280944,25.85626001,28.51559896,47.99735816,1.80552155
39.21131202,26.02828005,28.37926432,48.29855087,1.803796392
39.14793622,26.13783983,28.37429036,47.76765425,1.802808802
39.13324941,26.18804201,28.35490885,47.45835758,1.802340009
39.12256809,26.26148877,28.34102214,47.22193952,1.802146241
39.11526919,26.29917856,28.33039063,47.08242445,1.801996228
39.12657359,26.31179268,28.37977214,46.80770573,1.801977476
39.15256479,26.3198291,28.40233073,46.4035805,1.802383763
39.16217797,26.37145546,28.42875,46.93184514,1.802533777
39.11971974,26.45588871,28.29783854,47.9177722,1.802258752
39.09079118,26.52892856,28.36674479,47.86258488,1.801852465
39.07592635,26.58574299,28.31874349,47.68311675,1.801652446
39.08464942,26.62226291,28.37701823,47.28955416,1.801608692
39.10645711,26.62633199,28.41759115,46.89602104,1.80158994
39.14348567,26.62734925,28.52072917,46.5393174,1.801646196
39.2103329,26.59042242,28.69379557,45.72174165,1.802064984
39.27629002,26.55761552,28.83598958,44.98451708,1.802452519
39.32711528,26.52155337,28.82158203,44.78860893,1.802421267
39.3694845,26.50568399,28.86991536,44.48709502,1.80234626
39.40384273,26.4820325,28.89711589,44.30460627,1.802058733
39.43802294,26.47572544,28.92509115,44.06129523,1.802171244
39.47407238,26.45736375,28.94632813,43.72615239,1.802089986
39.49178556,26.44708934,28.99067708,43.31213226,1.802083736
39.51154599,26.44083314,29.01569661,42.80497094,1.801339918
39.52979324,26.43691666,29.02804688,42.63096392,1.800208564
39.54821851,26.4264388,29.02031901,41.72406973,1.799577256
39.5205361,26.46626485,28.98226563,41.96987365,1.798264636
39.49961852,26.48279545,28.97356771,42.3840713,1.797095779
39.49320974,26.50456499,29.01208984,42.18500677,1.795976927
39.49116248,26.51499199,28.96929688,41.38560389,1.795401874
39.46072073,26.53579512,28.87901693,41.5246417,1.794276771
39.42805371,26.54810407,28.85690755,41.33250681,1.793332935
39.39182625,26.58579385,28.7835612,41.13923895,1.791514018
39.35105923,26.6053254,28.75480469,41.50825618,1.790195147
39.30664276,26.6390987,28.62645182,41.74005664,1.788870026
39.27005926,26.6641235,28.61736979,41.75384956,1.787207374
39.21540653,26.70237278,28.52964844,41.92998055,1.785769742
39.16840874,26.72017497,28.40285807,41.63629739,1.784144593
39.11215381,26.74082551,28.40748698,41.87210871,1.782944483
39.06275273,26.7768368,28.31771484,41.90674343,1.781438096
39.02501208,26.79926757,28.27901042,41.64880848,1.779587926
38.99323517,26.81528954,28.2226237,41.6458476,1.777894021
38.94160881,26.84311182,28.13644531,41.47200648,1.776075105
38.85918466,26.88395514,28.09707682,41.40248554,1.773993664
38.78601765,26.92479845,27.98554036,41.90875253,1.77176221
38.73893085,26.94656799,27.86611328,41.94736254,1.769618263
38.69762977,26.97428855,27.8285612,42.09781822,1.767018025
38.63986165,26.99193815,27.73021484,42.55273589,1.764480293
38.59428804,27.0036876,27.72799479,42.5395486,1.762436356
38.53367157,27.04641286,27.7235612,42.65567047,1.759661102
38.47439027,27.08278019,27.69102214,42.6540184,1.757304636
38.42107271,27.1102973,27.64028646,42.66374775,1.755135687
38.3520002,27.15993998,27.5724349,42.7391048,1.752810475
38.28969253,27.18832176,27.47289714,43.00788902,1.750078975
38.23058925,27.23755754,27.42253255,42.98287246,1.747378727
38.15065741,27.28775972,27.24520182,43.25810729,1.744653478
38.09235523,27.32829786,27.22722005,43.29016162,1.742090743
38.02844536,27.38577351,27.20017578,43.19784929,1.73932174
37.9475344,27.44350347,27.14103516,43.21981612,1.736540235
37.8842476,27.4887719,27.01445964,43.33591303,1.733577464
37.81659927,27.5304799,27.02370443,43.26666784,1.73058969
37.75384655,27.57656214,26.99989583,43.23383691,1.727608167
37.70515755,27.588159,26.94317708,43.27613096,1.725132941
37.66830701,27.60351975,26.89366536,43.36607217,1.72228268
37.65735866,27.58602274,26.92605469,43.24140867,1.719313658
37.6503268,27.57483279,26.92176432,43.21508601,1.716894686
37.6633224,27.52819104,27.00143229,43.08423012,1.714450713
37.67845426,27.48414333,27.05572917,43.000274,1.712488033
37.70658172,27.43333079,27.05246745,43.08677135,1.710662866
37.73737952,27.37977162,27.07902995,43.09352045,1.708693936
37.77761247,27.30983444,27.1688151,42.95332485,1.706743757
37.83368938,27.22514687,27.22089844,42.90280724,1.705181114
37.89261463,27.15205615,27.3308724,42.83700445,1.704037259
37.95848274,27.06975916,27.41294922,42.73560823,1.702812147
38.03067063,26.97886625,27.57897786,42.3115072,1.701793304
38.09511457,26.89351746,27.73929036,42.02587661,1.700868219
38.1611607,26.81905343,27.82463542,41.97191799,1.700280665
38.21180794,26.75155769,27.80513672,41.94531399,1.699724364
38.24865848,26.69515017,27.84467448,41.87360024,1.699324328
38.2894255,26.63904784,27.77720052,41.93730794,1.699180565
38.33535515,26.5803006,27.83783203,41.80802044,1.698943043
38.39659469,26.50156405,27.94422526,41.5646477,1.699311827
38.45160347,26.43503471,27.98265625,41.53595682,1.699380583
38.51328806,26.35172045,28.02182943,41.32015226,1.6995681
38.57826607,26.27186491,28.19404297,40.70421014,1.699755617
38.64724956,26.18951705,28.2826237,40.37191901,1.700236911
38.72406602,26.09974314,28.35197266,39.32280974,1.700624447
38.7985682,25.99252308,28.43439453,39.36890185,1.700855718
38.88499784,25.89018591,28.51695964,38.72729259,1.70120575
38.97374177,25.79232471,28.60002604,38.47238463,1.701355764
39.06026042,25.69278503,28.70746745,38.30984424,1.7017558
39.1437527,25.58973576,28.77826823,37.3794682,1.702062078
39.22092521,25.46949467,28.85431641,36.69782137,1.70185581
39.30121309,25.34035248,28.94324219,35.76004298,1.701768302
39.37553724,25.22346838,28.98860677,35.27331797,1.70185581
39.46508227,25.09773404,29.13119141,34.92522448,1.701705796
39.55987895,24.9583683,29.2060612,34.68966251,1.701274506
39.64087892,24.85053788,29.28928385,34.78891875,1.700924474
39.7162712,24.72714326,29.38557292,34.59029053,1.700586943
39.78952722,24.63309682,29.44763672,34.76609249,1.700393176
39.86420742,24.52033265,29.56639323,34.69212862,1.700324419
39.94316014,24.40182091,29.61776693,34.73256859,1.700318169
39.99434145,24.32013428,29.70548177,34.8045881,1.70131201
40.01837441,24.26662598,29.79934245,34.74101234,1.703362197
40.01730627,24.23483635,29.83912109,34.90323845,1.706174955
40.00867221,24.21194781,29.86757812,35.26336685,1.707775101
40.00769309,24.18905928,29.88964193,35.66565096,1.711431686
39.94663157,24.24663666,29.8836263,35.92380979,1.713200598
40.00715902,24.16840874,29.85421224,36.53806761,1.71420694
39.88779533,24.27003382,29.78702474,36.65944723,1.716582158
40.02148979,24.12624297,29.77182292,36.87439335,1.713181846
39.96559091,24.17313904,29.72207682,37.10447458,1.713650639
40.00502276,24.1316345,29.73907552,37.06512476,1.71332561
39.93559421,24.19231454,29.71608073,37.1706632,1.715307041
39.9955876,24.12191958,29.72277995,36.95795064,1.714044425
39.92607004,24.1720709,29.66026693,37.09169739,1.715338294
40.00520078,24.07370108,29.61398437,37.1198148,1.711381682
39.99229419,24.08305994,29.61139974,37.00926675,1.710612861
40.00431067,24.06912337,29.5734375,36.95230049,1.708881453
39.98837771,24.04206404,29.56621745,36.57906646,1.707900113
39.97787442,24.05569543,29.50157552,36.52713046,1.707031283
39.942003,24.06871646,29.45313802,36.66046711,1.706212458
39.8949162,24.10238804,29.3727474,36.70382535,1.704974845
39.83278655,24.14028127,29.25677083,36.75159002,1.70360597
39.76326899,24.18005646,29.15945964,36.71324757,1.702468366
39.70194044,24.21708502,29.07073568,36.75174224,1.700849467
39.64265914,24.25981028,29.00816406,36.90511962,1.698986797
39.59316904,24.29093868,28.97184896,37.00831295,1.697180382
39.54332291,24.31815061,28.90447917,37.07707872,1.6951927
39.48733501,24.3458203,28.75272786,37.22570236,1.693167514
39.42022075,24.39408967,28.63827474,37.47990089,1.690998566
39.35390758,24.43467867,28.54834635,37.5463795,1.688667102
39.29791969,24.47124946,28.49231771,37.61574108,1.686548158
39.23231861,24.51021083,28.43371094,37.79027998,1.684260449
39.18781313,24.52933547,28.44280599,37.6021606,1.682547792
39.14597798,24.53711757,28.31600911,37.65624801,1.680647618
39.1404593,24.52084128,28.41244792,37.60798896,1.680841386
39.1526538,24.48254114,28.39996094,37.63025715,1.680116319
39.178645,24.43259327,28.62661458,37.34962112,1.680297586
39.20490323,24.38127209,28.52278646,37.23712593,1.68099765
39.25474937,24.31194527,28.69823568,36.43417916,1.681053905
39.30477353,24.21744106,28.75667969,35.38335936,1.680160073
39.36013835,24.13722947,28.61650391,35.96923596,1.679510014
39.4230691,24.02471962,28.77702474,35.52017664,1.678428665
39.52267236,23.88764274,28.93896484,35.40141282,1.677459826
39.57883828,23.79496961,28.98552734,35.49549726,1.675822176
39.63642837,23.72360825,29.16340495,35.55402948,1.673815742
39.69170418,23.63149462,29.30095052,35.50092339,1.672815651
39.78810305,23.51145698,29.25230469,35.92981509,1.675228372
39.90248213,23.39782813,29.56554688,35.49080434,1.67597844
39.99665573,23.28231734,29.69159505,35.13546334,1.675084609
40.01641616,23.23796445,29.70341146,34.80091291,1.679209986
39.99923705,23.23765927,29.7270638,34.54518633,1.681403937
40.02309199,23.18867781,29.88075521,33.66682939,1.690854802
39.9136085,23.25418987,29.97871745,33.91332263,1.693967587
40.02780957,23.12413214,30.14803385,33.07797433,1.702118334
39.86447445,23.25139239,30.06734375,34.22776998,1.699836875
40.01338979,23.09478396,30.10894531,34.02820938,1.702905906
39.9428041,23.13323669,30.12317708,34.41937043,1.697024117
40.04098319,23.05261819,30.31677734,34.1535766,1.71420069
40.02469418,23.03827471,30.40516927,34.05000979,1.712731805
40.03030187,23.03267974,30.50300781,34.04247743,1.735015095
40.03386231,23.02332087,30.66649089,34.00024723,1.723457787
40.02878869,23.01167315,30.69026693,33.85127833,1.747378727
40.03306121,22.99387096,30.7816276,33.92192817,1.735152608
40.05068538,22.97795071,30.78554036,33.79778371,1.756435807
40.04116121,22.96960911,30.92449219,33.53767788,1.744684731
40.04908319,22.95312937,30.93492839,32.85914642,1.764592803
40.02594034,22.96274255,31.04442057,32.36381439,1.756610823
40.06261285,22.90994634,31.12888672,31.9283568,1.770899631
40.03893594,22.90079093,31.2418099,31.33143924,1.768911949
40.06252384,22.86625467,31.30057943,30.98846696,1.778144044
40.05825132,22.84367132,31.39104818,30.62814484,1.778550331
40.06279088,22.80720226,31.44328776,30.39911178,1.784025832
40.06563923,22.77383586,31.51320964,30.23566124,1.78596976
40.0589634,22.76056051,31.55122396,30.12592065,1.790051384
40.05264363,22.73421327,31.56203125,30.25844774,1.792707877
40.06759747,22.69754075,31.63121745,30.38649741,1.793770475
40.07249307,22.66351314,31.68608073,30.48645503,1.795183104
40.06759747,22.65700262,31.7086849,30.52642869,1.797352052
40.06190077,22.63391063,31.68469401,30.64664692,1.797227041
40.06430406,22.61921111,31.65403646,30.84521843,1.796201947
40.0426744,22.61636276,31.63140625,31.04125711,1.794883076
40.06813153,22.57714707,31.58156901,31.25824345,1.791564023
40.06385901,22.56580453,31.43076823,31.55188285,1.79055143
40.06733043,22.5470868,31.42030599,31.68234156,1.787857433
40.06154472,22.55980265,31.17586589,32.17162247,1.786888595
40.06092164,22.53279418,31.09567708,32.37245651,1.783938324
40.05718318,22.52958979,31.3601888,32.06465138,1.781963144
40.06893263,22.49688462,31.34390625,32.15207524,1.778762851
40.05024033,22.52511381,31.30365885,32.22445514,1.778369065
40.06287989,22.5013606,31.26992839,32.34394886,1.775000006
40.05842934,22.50639607,31.24041667,32.41980605,1.774074921
40.05121945,22.50034333,31.18049479,32.40275287,1.770968387
40.03590956,22.50120801,31.13216146,32.51812823,1.769887038
40.04872714,22.48900079,31.0375651,32.56437125,1.765467883
40.05629307,22.46199232,30.90033203,32.38313744,1.761086232
40.02300298,22.46835025,30.71565755,32.26774454,1.757260882
40.03288319,22.44861524,30.61333333,32.44033731,1.750785289
40.04757,22.4050253,30.53953125,32.64095978,1.746347383
40.03715572,22.40588998,30.57244792,32.78891231,1.742559536
40.03608759,22.39541212,30.49410156,33.08808233,1.73889045
40.02051067,22.39271636,30.3767513,33.39267196,1.73440879
40.02193484,22.38045828,30.20216146,33.71707214,1.728201972
40.01739528,22.36799674,30.06719401,34.0487927,1.724070343
40.03350627,22.33778388,30.01764323,34.15374859,1.717294723
40.03119198,22.32389817,30.00940755,34.32308194,1.715019515
40.03315023,22.32003255,29.9242513,34.69451082,1.70830015
40.03635462,22.31957478,29.86037109,35.1418396,1.705699911
40.03154803,22.3187101,30.09438802,34.86311782,1.700930725
40.02166781,22.32059205,30.09508464,34.89417855,1.705537397
40.03208209,22.30991073,30.21893229,34.54404518,1.698793029
40.0109865,22.33447776,30.21174479,34.70968638,1.708168888
40.02736451,22.31591262,30.2659375,34.64462266,1.697761685
40.02941176,22.31382722,30.22940104,34.53905709,1.712550539
39.96594695,22.37425294,30.07559245,33.96834998,1.70098698
40.02424913,22.30624857,30.26097005,33.81236819,1.714688234
39.97155464,22.33737697,30.34128906,32.7861052,1.702049577
40.02700847,22.26428626,30.19735026,32.31611827,1.718369821
40.0174843,22.25202818,30.43828125,31.81637156,1.70273714
40.03466341,22.21337199,30.46261719,31.44345134,1.724382872
40.01695023,22.20472521,30.64728516,31.90406167,1.706568741
40.05006231,22.16810356,30.65621094,32.09553781,1.727739429
40.04214033,22.15075914,30.66255859,31.62691813,1.733196179
40.04935022,22.1367717,30.69779297,32.78391738,1.743328356
40.03243814,21.76348516,30.67524089,32.14311419,1.714031924
40.04561176,21.7769131,30.83796875,31.09205287,1.726226791
40.06982274,21.7560591,31.08608073,30.05516301,1.729958382
40.06670736,21.72930495,31.2358138,29.17722004,1.747635001
40.07178098,21.71501233,31.15443359,30.5405625,1.746697415
31.65882099,30.65980011,30.64301432,32.32227894,2.012709269
30.79594873,31.87970804,30.8078125,32.1779273,2.263194702
30.58285649,32.19048346,30.97421875,31.81017707,2.46404434
30.53844002,32.24210981,31.09632813,31.45202524,2.625134088
30.55757738,32.19536634,31.22447266,30.99138843,2.754764706
30.61748175,32.10269322,31.28467448,30.60958386,2.85878673
30.68842349,31.98326594,31.40780599,30.11943063,2.94115052
30.77262786,31.83738969,31.50001302,29.83071449,3.009594287
30.85069047,31.69537906,31.58483724,29.58461656,3.063355459
30.92910913,31.56659291,31.66207031,29.46595604,3.108115807
30.99622339,31.44584319,31.74072266,29.16774308,3.144800415
31.0506981,31.34706645,31.76590495,29.20093605,3.17532821
31.09929808,31.25083289,31.80690755,29.1015661,3.201068067
31.12520027,31.18516823,31.78119141,29.04278268,3.219363492
31.14789807,31.12932021,31.77602865,28.96058083,3.237496402
31.17246509,31.07270924,31.80620443,28.37194488,3.250491341
31.19222553,31.01513186,31.80551432,27.56605202,3.261829879
31.19747718,30.94758526,31.77534505,27.13941704,3.271799542
31.18243432,30.9209837,31.73435547,27.11582127,3.2806191
31.14905521,30.89789171,31.66141276,27.46973357,3.286919676
31.10980138,30.90313064,31.60779948,27.85755441,3.291988891
31.06218051,30.93161415,31.51662109,28.29470299,3.296514305
31.01705196,30.96492968,31.48016276,28.44613417,3.302064813
30.97512779,30.98532591,31.44656901,28.26678899,3.304852568
30.93115638,31.00607818,31.34888021,28.34306653,3.307252788
30.88451464,31.02744081,31.29596354,28.56743599,3.310028042
30.83217619,31.06360469,31.21866536,28.68594295,3.312672034
30.77396302,31.09864958,31.12854167,29.07515984,3.313178331
30.71521579,31.1440706,31.00548828,29.31457454,3.314565958
30.65664658,31.19406933,30.91796224,29.5394502,3.316703653
30.59629714,31.25195188,30.83608724,29.60660712,3.316203608
30.51360596,31.31532769,30.79255859,29.54756537,3.317841257
30.44213016,31.39004603,30.7058724,29.71540177,3.31809128
30.36834007,31.4565245,30.62089844,29.80880801,3.318972611
30.29597416,31.52432542,30.56866536,29.68477471,3.318466315
30.23687088,31.58373388,30.46363932,29.93297009,3.319222634
30.15969838,31.67177844,30.35470052,30.10709617,3.318216292
30.14260828,31.69568424,30.24929036,30.41559485,3.366895749
30.28217746,31.49772386,30.15852214,30.55030369,3.305252605
30.23660385,31.52885227,30.00854167,30.88460635,3.25298532
30.32516976,31.39065639,29.93680339,31.08982599,3.179159811
30.35383129,31.32875563,29.83825521,31.24504011,3.109378422
30.36718293,31.28358892,29.76822917,31.43348304,3.048204071
30.35810381,31.26970321,29.74079427,31.54401571,2.999405854
30.39121589,31.21019303,29.69604818,31.55511295,2.951945259
30.37279062,31.20576791,29.70769531,31.49638193,2.919761062
30.39299611,31.16446682,29.77146484,31.64048064,2.888233176
30.42530709,31.09864958,29.71164062,31.94626338,2.861049437
30.37946644,31.13349101,29.86176432,31.55960969,2.852286135
30.38916864,31.11121284,29.86415365,31.71366246,2.844379161
30.41008621,31.08272933,29.92942708,31.76465017,2.837347267
30.39103787,31.08476387,29.84272135,31.12057076,2.837122246
30.36923018,31.08232242,29.68610026,31.32675122,2.836109654
30.36202029,31.07764299,29.77300781,31.85967848,2.840510056
30.33033239,31.1123827,29.83636719,31.52665914,2.854567593
30.38783347,31.01365682,29.94160156,31.84961322,2.857517864
30.30612141,31.10170138,30.07063151,31.69376399,2.890727154
30.33318074,31.05836576,30.16689453,31.14082905,2.91166032
30.22254012,31.17804735,30.33273437,30.93531785,2.966996637
30.20865441,31.18415096,30.49494141,30.87800094,3.011013166
30.13201597,31.21838204,30.49736979,30.1053291,2.985917119
30.16041047,31.15068284,30.58085937,29.88808402,3.045328808
30.22779177,31.03980062,30.77547526,30.10706551,3.090220418
30.26891483,30.97418682,30.76327474,30.58551757,3.125261126
30.28440274,30.94265151,30.76964193,30.49707606,3.154232529
30.30256097,30.91457491,30.78039063,30.43373901,3.177228384
30.33380382,30.85598026,30.9189974,30.08880265,3.195386296
30.40225325,30.76290023,31.01784505,30.12131718,3.214294277
30.48716971,30.63579258,31.13833984,30.04244475,3.22667041
30.59077846,30.4987157,31.24797526,29.94280628,3.238496493
30.68308283,30.36097759,31.29630859,30.02836238,3.248753682
30.78544544,30.22237481,31.45321615,29.78151323,3.255029257
30.88558277,30.07482007,31.54642578,29.20143285,3.265617726
30.99488823,29.93830269,31.69003255,29.20142183,3.270805701
31.07633326,29.8216729,31.66089193,29.32028031,3.276337458
31.15938048,29.72487984,31.65952474,29.41266579,3.282763046
31.23868925,29.62086417,31.91567057,28.77398,3.285519548
31.31479362,29.51166044,32.02636719,28.36427169,3.29045125
31.37968261,29.42092012,32.06403646,28.18525705,3.29350778
31.43406831,29.34935531,32.10432292,27.97531283,3.296264282
31.48231225,29.28135093,32.16476563,27.62271406,3.29777692
31.52717377,29.19768063,32.18895182,27.35525405,3.300670935
31.5460441,29.16304265,32.15414063,27.4180511,3.30180854
31.55485618,29.13150734,32.14865885,27.38531561,3.300664685
31.55814959,29.11339996,32.14541667,27.46147497,3.303827474
31.55717047,29.09102007,32.15136719,27.50595102,3.304083748
31.56090893,29.08308537,32.1404362,27.593445,3.305096341
31.55289794,29.07240406,32.12541667,27.53018855,3.305221352
31.54435289,29.06802981,32.10242839,27.67767755,3.305340113
31.53767707,29.08801912,32.07995443,27.88494667,3.305340113
31.51426719,29.09061316,32.0357487,28.06971811,3.305346363
31.48640675,29.12362351,31.99207682,28.20625675,3.305340113
31.45365072,29.15251392,31.93035156,28.41768416,3.305846409
31.42311996,29.19228911,31.90472005,28.52706503,3.306102683
31.38742657,29.22479082,31.83802734,28.577683,3.30585266
31.35262328,29.2641591,31.79433594,28.74730712,3.303702463
31.31479362,29.30291702,31.7511849,28.751087,3.304577543
31.28355077,29.34284479,31.72013672,28.84465948,3.305846409
31.25488924,29.36486865,31.72289714,28.61946915,3.304202509
31.21821673,29.39650568,31.62198568,28.61309445,3.305465124
31.17566949,29.43394115,31.48527995,29.23226995,3.304965079
31.11656621,29.48409247,31.42888021,28.86501616,3.303077406
31.06458381,29.54400956,31.375625,29.14053589,3.303827474
31.0158058,29.59782305,31.36672526,28.70351698,3.302808631
30.96106406,29.65133135,31.26494792,29.15129603,3.301802289
30.89955749,29.72279444,31.12115885,29.55466168,3.302058562
30.8257674,29.79807228,31.07528646,29.67429127,3.301302243
30.75785204,29.8824038,30.89863281,30.12224794,3.300802197
30.68272679,29.96693879,30.81912109,30.20171002,3.299920867
30.61427736,30.06942855,30.67608073,30.43690042,3.298658251
30.53051804,30.17685206,30.63428385,30.4062451,3.297401886
30.45646092,30.28590321,30.57655599,30.30388076,3.296658068
30.38062359,30.38559548,30.43175781,30.53143708,3.295895498
30.29472801,30.47933674,30.29723958,30.66878618,3.294632883
30.2231632,30.571959,30.24483073,30.76198617,3.294007825
30.1614786,30.63742021,30.21552083,30.6820689,3.292620198
30.10762697,30.70267796,30.22064453,30.73265012,3.291857629
30.21550825,30.59688207,30.30371745,30.52867578,3.334730304
30.12213575,30.67205819,30.34814453,30.5181299,3.244815822
30.17928079,30.6297907,30.30681641,30.67560639,3.307621572
30.11563795,30.66249587,30.39403646,30.75514317,3.229320653
30.2069632,30.57323059,30.4550651,30.48174453,3.293995324
30.14616871,30.59800107,30.45643229,30.64089799,3.213037912
30.12498411,30.64484627,30.39249349,30.09936514,3.230208234
30.1200885,30.62312759,30.38203776,29.72926819,3.240771702
30.13700058,30.57796089,30.48522135,29.65824143,3.248491158
30.16842145,30.52180769,30.43466797,29.70481563,3.253904154
30.21123573,30.44637725,30.69489583,29.66516822,3.257166953
30.2792401,30.14821597,30.79804036,29.58995802,3.239502835
30.35748074,30.04720124,30.92038411,29.4865086,3.234227352
30.45672796,29.91012436,30.98326823,29.51474852,3.234602387
30.5756466,29.77884591,31.13386719,29.81977914,3.234983672
30.67302459,29.64894077,31.19865234,29.2877081,3.23573374
30.78455533,29.49818163,31.42597005,29.09397486,3.234102341
30.87748277,29.38562092,31.55552734,29.30662484,3.237496402
30.93462781,29.31649755,31.42031901,29.56574152,3.238502744
30.92991023,29.32412706,31.41261719,29.50942473,3.238496493
30.93809923,29.31069912,31.37835286,29.0863825,3.23988412
30.94165967,29.29630477,31.45819661,28.97897741,3.239509086
30.97646296,29.25073116,31.43265625,29.04921298,3.238621505
31.03049261,29.1710282,31.58828125,28.78132355,3.238496493
31.14496071,29.035935,31.85638672,28.57557226,3.240009132
31.27269144,28.87800412,31.99979818,28.28627072,3.240765451
31.39739579,28.72948297,32.09657552,27.88311996,3.241778044
31.52405839,28.56483813,32.22751302,27.40105013,3.242928149
31.61565067,28.4482592,32.29997396,27.1468685,3.243684468
31.68935175,28.35553521,32.3456901,26.90256806,3.24380948
31.73430228,28.26850792,32.38047526,26.11436044,3.245203357
31.79385061,28.17578393,32.45072917,25.33351973,3.245322118
31.86746268,28.04013123,32.51759115,24.94741084,3.244815822
31.95424837,27.89364462,32.65683594,24.21743481,3.245322118
32.04557361,27.74064749,32.73226563,23.81751726,3.244940833
32.11339996,27.60947077,32.7810612,23.52165966,3.244184514
32.19333181,27.45825386,32.91213542,23.74785786,3.244309525
32.27913837,27.31237761,32.98460286,24.25733306,3.243684468
32.34171308,27.20876885,33.00496745,24.50715739,3.242034317
32.38550647,27.12845553,33.02693359,24.60776603,3.242028067
32.39422955,27.08796826,33.0055013,24.88883008,3.242540613
32.39823504,27.06879276,32.98357422,25.10608288,3.242165579
32.38924493,27.07174283,32.9603125,25.31908909,3.241277998
32.36903944,27.06518146,32.91933594,25.56767433,3.241021724
32.35818011,27.0748455,32.89534505,25.68309028,3.23988412
32.32613616,27.09137611,32.85972656,25.89775345,3.240640439
32.30379441,27.11309478,32.81464844,26.0665046,3.240015382
32.27379772,27.12952366,32.77521484,26.31098328,3.237621413
32.23837135,27.16034689,32.72470703,26.56137918,3.238258971
32.20517027,27.19996948,32.70688151,26.73965346,3.23900904
32.17499555,27.24462755,32.66160156,26.7634458,3.238884029
32.13974721,27.27890949,32.62123047,26.887608,3.23900904
32.12060985,27.30525673,32.6270638,26.66182823,3.238884029
32.09150327,27.33221434,32.49440755,26.90927076,3.238502744
32.04352636,27.39101244,32.44063151,27.27183758,3.238884029
31.98789451,27.44172325,32.34843099,27.12971343,3.238884029
31.92781211,27.51959513,32.22304688,27.40003032,3.236740082
31.86808576,27.57574833,32.12488932,27.48649151,3.238127709
31.80203962,27.64476997,32.07036458,27.6396542,3.236990105
31.74427151,27.70901045,31.99325521,28.01106594,3.236615071
31.67021439,27.80285344,31.9171875,28.15866999,3.23573374
31.60265507,27.88398057,31.84315755,28.30660725,3.234227352
31.53429465,27.96342921,31.74276693,28.66793215,3.232845976
31.46744742,28.05635665,31.68024089,28.95466115,3.233602295
31.40175733,28.14348567,31.60967448,29.13097934,3.23322101
31.33019252,28.23982096,31.48373047,29.309526,3.232839725
31.25346507,28.3458203,31.31031901,29.44172414,3.232214668
31.16730246,28.46896061,31.20841146,29.55439302,3.232333429
31.08452227,28.56382086,31.12872396,29.81232381,3.229576927
31.00957504,28.67363495,31.03226562,29.98696249,3.229695687
30.93907836,28.76986852,31.00790365,29.94710084,3.228564334
30.87659266,28.84936802,30.97335286,30.03039046,3.226295376
30.82977289,28.92342514,30.96373047,30.07362856,3.227926776
30.80342565,28.97637395,30.94884766,30.20759781,3.227676753
30.78945093,29.00348414,31.08712891,30.09420549,3.225914091
30.79203225,29.01970957,31.12597005,30.01041415,3.22667041
30.79924214,29.01553877,31.12614583,29.98966443,3.226545399
30.80689708,29.01045243,31.14910807,30.08917918,3.226170365
30.82229597,29.01894662,31.16798828,29.96621634,3.225664068
30.8192696,29.01955698,31.1945638,29.94551934,3.225164023
30.8354696,29.0192518,31.23819661,29.78993059,3.224145179
30.83920806,29.01757331,31.26132812,29.89012017,3.225664068
30.8663564,29.02123547,31.29254557,29.93440527,3.225289034
30.88754101,28.99982198,31.29184245,30.15866315,3.223770145
30.93035528,28.95923298,31.42253255,30.07842407,3.225407795
30.97619593,28.92566313,31.48888672,29.90644426,3.225539057
31.02034536,28.88980443,31.55001302,29.90683596,3.225289034
31.07054754,28.83970397,31.58638672,29.93441021,3.225532806
31.11683324,28.80114951,31.65589844,29.83366767,3.224270191
31.16828158,28.76361232,31.71757813,29.78330742,3.225664068
31.23254749,28.70791689,31.79247396,29.73108394,3.226295376
31.29583429,28.64362554,31.87061849,29.68769471,3.225914091
31.36437273,28.57353577,31.95761719,29.60336282,3.227301718
31.43202106,28.50782025,32.03218099,29.56438099,3.228808106
31.512754,28.45100582,32.09830729,29.50282006,3.226795422
31.57960123,28.38086519,32.165625,29.45666249,3.229701938
31.65988912,28.31525139,32.26738932,29.37808215,3.231589611
31.73919788,28.23763383,32.34108724,29.32913702,3.233602295
31.81289896,28.17242695,32.44728516,29.18395022,3.23398358
31.90858574,28.09760688,32.56860026,29.02723799,3.234608637
32.0072989,28.00147504,32.64365885,28.82387221,3.23562123
32.09105821,27.93423362,32.74134766,28.5475433,3.237515153
32.17250324,27.84547697,32.81584635,28.23547685,3.238890279
32.2647186,27.75305816,32.92688151,27.7504101,3.239515336
32.35114824,27.66175835,33.0132487,27.38648276,3.239146553
32.43419547,27.57544315,33.08128255,26.92723015,3.242665625
32.50237786,27.50306452,33.12528646,26.66238612,3.242921898
32.56468554,27.42153048,33.17979167,26.48837339,3.243928241
32.61061519,27.37509219,33.22841146,26.10622898,3.244303275
32.65770199,27.31893899,33.25086589,25.80105164,3.244428286
32.68600748,27.26237888,33.27593099,25.67760335,3.245309617
32.70443275,27.2396938,33.25636719,25.57671515,3.245309617
32.70274154,27.22865644,33.21126953,25.62223839,3.246190948
32.69250528,27.22377356,33.19004557,25.53981107,3.245303366
32.67772946,27.2387274,33.14446615,25.68738071,3.245684651
32.64835584,27.26797386,33.1067513,25.8863268,3.245428378
32.62129651,27.29920399,33.07236328,26.17410401,3.245303366
32.60367234,27.32188907,33.06086589,26.31822756,3.244428286
32.57990641,27.33882658,33.03652344,26.33017787,3.243421944
32.55845477,27.35922281,33.00429688,26.68305811,3.24555964
32.53362071,27.39681086,32.97741536,27.28234895,3.244428286
32.50424709,27.44253707,32.91761068,28.04300677,3.245303366
32.46953282,27.50535337,32.83195313,28.92255784,3.24304691
32.42983393,27.58510719,32.81395833,29.7120534,3.245309617
32.3824801,27.68607106,32.6436849,29.93492506,3.245059594
32.31278452,27.7919178,32.56570964,29.87621211,3.245809663
32.24406806,27.90788637,32.45072266,29.88616874,3.24555964
32.17455049,28.00325526,32.35149089,30.18575096,3.245690902
32.10254063,28.13809415,32.24958333,30.26222755,3.245809663
32.02527911,28.2543679,32.13496745,30.41490166,3.245815913
31.94374507,28.37247272,32.00665365,30.68555279,3.243165671
31.86452532,28.50807457,31.91738281,30.70878084,3.244303275
31.78290227,28.63009588,31.80277344,30.69924027,3.245815913
31.70448361,28.76213728,31.70102214,30.75866988,3.245434628
31.61894408,28.87759721,31.62198568,30.987453,3.245940925
31.53215839,29.01401287,31.47380859,31.24056023,3.245309617
31.46148369,29.13216856,31.39757161,30.84612262,3.245315868
31.39134305,29.22489255,31.34203125,30.96472591,3.244553298
31.32645406,29.32148216,31.23630208,31.02662049,3.245059594
31.25115078,29.43424633,31.17755859,30.92761605,3.244803321
31.1830574,29.51995117,31.12854167,30.74017819,3.24468456
31.12146181,29.60463874,31.11036458,30.40341757,3.243790728
31.07241677,29.6712698,31.13884766,29.94553813,3.243421944
31.02435086,29.73428957,31.06327474,29.67770732,3.243421944
30.96275527,29.79914041,31.05677083,29.5462367,3.241659283
30.9272399,29.82859032,31.05950521,29.42658533,3.239015291
30.92092012,29.82762392,31.08354167,29.39793096,3.240521679
30.91905089,29.81414511,31.16763672,29.59976647,3.24140926
30.93560693,29.7935963,31.20072917,29.57364146,3.241152986
30.94530912,29.76511279,31.26221354,29.28920461,3.240396667
30.96435747,29.71969177,31.32935547,29.09181607,3.240909214
30.98803438,29.68444343,31.36192708,29.0796781,3.239140302
31.00637064,29.6515348,31.39825521,29.15491922,3.239390325
31.02808932,29.60972508,31.4033724,28.91344293,3.239527838
31.04598052,29.58805727,31.4417513,29.34813589,3.23890278
31.06102337,29.56145571,31.47416016,29.89965266,3.23726513
31.08763765,29.53037817,31.52636719,29.59751078,3.238271473
31.11941456,29.48317693,31.58090495,29.21561194,3.236752584
31.16098268,29.42661682,31.64733724,29.01145874,3.238771518
31.20913761,29.35235625,31.71705078,28.95085664,3.238771518
31.26468045,29.28394497,31.77020182,28.92578813,3.23889653
31.31283538,29.20775158,31.82759115,28.84861427,3.237508903
31.38181888,29.11818112,31.9322526,28.73839219,3.23977161
31.44768699,29.03903766,31.97836589,28.65550068,3.240152895
31.52299026,28.9490603,32.05613932,28.4975083,3.238515245
31.59019354,28.85353882,32.13392578,28.44939136,3.240790453
31.65081,28.77388673,32.22048177,28.40791934,3.240665442
31.72317591,28.70598408,32.26550781,28.39488602,3.241540522
31.80079347,28.65593449,32.42797526,32.39466039,3.241921807
31.84903741,28.64682994,32.38991536,33.13298774,3.242296841
31.87600773,28.72658376,32.37772135,34.63434385,3.242546864
31.88562092,28.81635767,32.36866536,33.89840422,3.244428286
31.89194069,28.894433,32.4036263,34.21506594,3.245684651
31.91170113,28.96233565,32.4338151,34.06810348,3.246315959
31.93155057,29.01197833,32.47076172,33.6782011,3.247066028
31.95807584,29.06050202,32.49321615,33.24492639,3.248966202
31.98798352,29.10104016,32.51792318,32.94879817,3.251003888
32.01468681,29.12631927,32.57289062,32.44617657,3.253279097
32.05207141,29.14681722,32.5922526,31.8632543,3.254035416
32.08304723,29.17011266,32.62054036,31.29061449,3.255548054
32.10574502,29.19228911,32.62207682,30.92516161,3.257323217
32.11678238,29.21171893,32.62329427,30.68237349,3.25844832
32.11624832,29.24971389,32.5716862,30.47422238,3.259079628
32.10049338,29.29381247,32.54070964,30.1349773,3.26096105
32.07494723,29.33928435,32.49594401,30.05804735,3.261717369
32.05678899,29.39289438,32.4594401,29.83108693,3.262717461
32.03195494,29.4451311,32.41288411,30.44382914,3.263348769
31.99528242,29.51328806,32.38270182,29.92192478,3.263348769
31.96875715,29.57391725,32.32177083,30.53974494,3.262717461
31.93528903,29.63057908,32.28522786,29.63398654,3.264605134
31.90644948,29.67523715,32.22613281,29.34072801,3.265355202
31.86577147,29.7306274,32.16597005,29.2858435,3.265105179
31.82304621,29.77213194,32.08958333,29.41266878,3.265361453
31.76901656,29.82569111,31.9894987,29.19102685,3.264486373
31.71374075,29.8850487,31.83048177,29.81241169,3.265098929
31.65828692,29.959411,31.86376302,29.55078301,3.265105179
31.6045243,30.0109865,31.79333984,29.72494558,3.264605134
31.55396607,30.07639684,31.71602865,29.96760196,3.264480122
31.49601994,30.141502,31.63039063,30.09499827,3.263230008
31.43629358,30.23997355,31.51986979,30.21375575,3.262973734
31.37167163,30.30889347,31.43196615,30.25893512,3.261211073
31.31595076,30.38234023,31.31166667,30.34038785,3.262723711
31.25586837,30.45904224,31.31886719,30.44298042,3.262092403
31.1854607,30.53716843,31.21576172,30.82331252,3.259460913
31.12092775,30.61656621,31.10761719,31.25558462,3.260217232
31.04998601,30.70339005,31.08645833,31.42200684,3.259710935
30.97726406,30.80409959,30.98824219,31.75815199,3.256941932
30.90347397,30.90114697,30.88565104,31.8362377,3.257948274
30.83449048,31.01594568,30.84070964,31.83827878,3.256435636
30.76559599,31.10678772,30.8036849,32.01799307,3.256060601
30.68966964,31.20927749,30.66991536,32.17294679,3.254922997
30.62130922,31.32870476,30.58083984,32.25462037,3.252391515
30.54440375,31.42702373,30.57775391,32.18813828,3.253660382
30.4781796,31.51349152,30.46157552,32.29146438,3.252891561
30.42085654,31.60072226,30.40276042,32.55031725,3.252635288
30.38142468,31.67223621,30.44479167,32.73353007,3.251997729
30.34679942,31.72472724,30.40723958,33.08557283,3.251628946
30.32890822,31.74848046,30.46690104,32.97963506,3.250997638
30.32801811,31.76185753,30.5096875,32.93198688,3.249097464
30.34457415,31.76399379,30.49990234,33.04961665,3.250360079
30.36032909,31.75061672,30.56951823,32.89266669,3.250103806
30.38275985,31.7217263,30.60355469,32.74582841,3.250235068
30.40501259,31.69736273,30.66734375,32.4081534,3.24884119
30.43554335,31.66867577,30.72626302,32.53512092,3.248847441
30.46295872,31.6323593,30.77805339,32.35865646,3.250228817
30.49420157,31.59639887,30.86766927,32.220025,3.24960376
30.53034002,31.56466011,30.93923828,32.20526252,3.249478749
30.56042573,31.53627832,30.97078125,32.25395385,3.247328552
30.59166857,31.49980926,30.99901042,32.12778343,3.249097464
30.62389054,31.45637191,31.04359375,31.8840339,3.249353737
30.6649246,31.41471478,31.10077474,31.81349598,3.248966202
30.70764986,31.35566237,31.13919271,31.52966463,3.248966202
30.75001907,31.30693523,31.19215495,31.36791147,3.249097464
30.80395972,31.23481092,31.24197266,30.96099502,3.248966202
30.85692124,31.1560235,31.31458333,30.62742535,3.248966202
30.91166298,31.06925053,31.40455078,30.36029814,3.249091213