date,time,Temperatura,Humedad,SP3S-AQ2-01,TGS832-A00,TGS822,SP-11-00,NA,SK25F,NA,SB-51-00,SP-19-01,SP-31-00,TGS2602-B00,TGS2620-C00

08/01/2021,14:16:35,23.90293990488542,34.200096640472026,1.7996022585075542,1.5023625453990543,1.2902556264306424,0.7124589775675259,4.893129229360599,0.0031877918510605824,-0.00034378147413398444,3.015451072791089,0.13158079658171826,0.04315395086220052,0.6070430764535328,1.165625466198688
08/01/2021,14:36:35,24.364728770885776,33.51613641565576,1.792407849839767,1.4543206470318937,1.250145704257593,0.6970575675263235,4.893029220204485,0.0031877918510605824,-0.000350032046390966,3.0106068792919265,0.112060259423165,0.03948486494735235,0.5960420692812455,1.1569871753395395
08/01/2021,14:56:35,24.537053991505818,33.230792706187536,1.7899263726537455,1.4277994689455202,1.2349005585228146,0.6878004700137341,4.8935230154127884,0.003037778116893026,-0.00035003204639096595,3.0087504593316026,0.10605345948420578,0.037509684114146194,0.5909353517472913,1.1526180253319085
08/01/2021,15:16:35,24.62561989776457,33.072760102744084,1.786401049900809,1.4081664214863425,1.224380845414314,0.6808435830917134,4.892291652678162,0.0029877735388371737,-0.0003687837631619106,3.007087807111247,0.10308443766213952,0.036215815656951006,0.5864536914390357,1.1484551442087587
08/01/2021,15:36:35,24.682319879962368,32.97581445029373,1.7868385899587969,1.3953027437814742,1.2182052800244165,0.6769307248588436,4.893391753395392,0.0029127666717533958,-0.00036878376316191053,3.0074065862963537,0.10170306119334652,0.035446995269342314,0.5849535540973599,1.1466299771097204
08/01/2021,15:56:35,24.714630858828613,32.87495231555657,1.7842446024721497,1.3821452891805277,1.2110858782237142,0.6731241263543417,4.893473010834733,0.0028127575156416907,-0.0003375309018770029,3.0081316526781623,0.10062171219288876,0.034684425453990544,0.5831846421486341,1.14323591637418
08/01/2021,16:16:35,24.748989089799338,32.80613412680246,1.7812193254997724,1.369019087440867,1.2049540668396155,0.6698613276361972,4.893616773996643,0.002800256371127728,-0.0003687837631619106,3.008969229360598,0.09992164810010676,0.034109372806348244,0.5821970517320313,1.1399231130779794
08/01/2021,16:36:35,24.776226443884948,32.72851656875461,1.7765688997405775,1.355867883412178,1.1985784831374946,0.6663235037387455,4.892616682435528,0.0026877460705020603,-0.00035003204639096595,3.009763052037235,0.09925908744086683,0.033584324736761796,0.5800593560201435,1.136085261712193
08/01/2021,16:56:35,24.805155006230766,32.64637216754406,1.7739686616816719,1.3456356966274994,1.19345301388677,0.664135803448802,4.893560518846331,0.0026252403479322447,-0.00033128032962002137,3.011856993743323,0.09886530138867701,0.033203039829085935,0.5802781260491379,1.1334537707920036
08/01/2021,17:16:35,24.820286869611657,32.57511253528649,1.7705183457958173,1.3354285121318483,1.1887025789714636,0.6614480573782999,4.893454259117961,0.0026252403479322447,-0.00035628261864794746,3.0132571219288877,0.0984465130474592,0.03291551350526476,0.5794092965054174,1.1307972775827868
08/01/2021,17:36:35,24.83132422878361,32.518450700643434,1.766486726690066,1.3253525896535943,1.1835958614375095,0.6588228170303677,4.892779197314207,0.0026002380589043184,-0.0003562826186479475,3.014325969784831,0.09800272241721344,0.032577982603387776,0.5785592186784679,1.1275469800091562
08/01/2021,17:56:35,24.85072861829556,32.42847333485924,1.764036502365329,1.3173081031588583,1.1801892995574543,0.6569038913474745,4.8935230154127884,0.0026064886311613,-0.00035003204639096595,3.016057378300015,0.09783395696627495,0.03242796886922021,0.578565469250725,1.125740564626888
08/01/2021,18:16:35,24.872803336639446,32.38325576663869,1.7609924736761795,1.3092386143750956,1.1764577079200367,0.6548537036471849,4.893541767129561,0.002593987486647337,-0.000362533190904929,3.0169137066992215,0.09762143750953758,0.03222169998473981,0.5784279566610713,1.1228090462383642
08/01/2021,18:36:35,24.875384654510302,32.352025635156785,1.7586672607965823,1.3020067022737678,1.1739449778727304,0.6530035342591177,4.893510514268274,0.0025627346253624295,-0.0003750343354188921,3.01714497787273,0.09750267663665493,0.032065435678315296,0.5779154097359989,1.12020880817946
08/01/2021,18:56:35,24.878589049108612,32.33488466722617,1.756848344269799,1.2962436746528307,1.171663518998932,0.651315879749733,4.89347926140699,0.0024627254692507245,-0.00034378147413398444,3.0174825087746067,0.0974089180528002,0.03188416908286282,0.5777778971463452,1.1178460918663204
08/01/2021,19:16:35,24.87698685180946,32.28905673812975,1.7558920067144825,1.2931121379520836,1.1701133770791998,0.6497094826796884,4.893441757973447,0.002437723180222798,-0.00035003204639096595,3.0179825545551657,0.09729640775217456,0.03184666564932093,0.5773903616664124,1.1163709568136728
08/01/2021,19:36:35,24.880458279290956,32.22293430991074,1.7556857378300024,1.2946122752937579,1.1690882832290554,0.6482593499160687,4.893304245383794,0.002437723180222798,-0.00036253319090492897,3.018563857775064,0.09715889516252091,0.03170915305966731,0.5768403113077978,1.116002173050511
08/01/2021,19:56:35,24.881437399862662,32.15762569619287,1.75744839920647,1.3013941461925842,1.169582078437357,0.6474342743781473,4.893416755684419,0.002425222035708835,-0.0003687837631619106,3.0189513932549974,0.09704013428963838,0.03169665191515335,0.576427773538837,1.1173022920799638
08/01/2021,20:16:35,24.889537397319486,32.089672185346245,1.7581609644437668,1.3055570273157326,1.1698633541889207,0.646615449412483,4.893079224782542,0.0024002197466809093,-0.0003437814741339844,3.018276331451244,0.09697137799481158,0.03168415077063939,0.5758402197466811,1.1178835952998627
08/01/2021,20:36:35,24.882772564278625,32.052287581699346,1.7593360720280784,1.3075947138715094,1.1705134137036466,0.6460341461925834,4.893423006256677,0.002431472607965816,-0.000362533190904929,3.0180888142835354,0.09700263085609649,0.031690401342896364,0.5760339874866478,1.1182586296352817
08/01/2021,20:56:35,24.890071463085874,32.054016937514305,1.760086140698916,1.308569803143598,1.1714009949641393,0.6456903647184494,4.893491762551504,0.0024127208911948724,-0.0003375309018770029,3.0167261895315125,0.09702138257286744,0.031690401342896364,0.5757152083015413,1.118027358461773
08/01/2021,21:16:35,24.896213219399307,32.08209353780422,1.7614425148786819,1.3094011292537773,1.1725073462536244,0.6455278498397682,4.893222987944454,0.002368966885396002,-0.0003562826186479475,3.014650999542194,0.09714014344575003,0.03170915305966731,0.5756464520067145,1.1179523515946892
08/01/2021,21:36:35,24.89808244958165,32.09521629663538,1.7627988890584456,1.3103762185258663,1.1725511002594236,0.6452340729436905,4.893541767129561,0.0023752174576529834,-0.0003437814741339844,3.013907181443615,0.09722140088509074,0.03173415534869524,0.5757839645963683,1.1177085792766668
08/01/2021,21:56:35,24.88063630121308,32.11637547366547,1.7629051487868148,1.3094136303982908,1.1710134594842059,0.6445152571341369,4.893235489088968,0.0023877186021669466,-0.0003375309018770029,3.0129133404547535,0.09718389745154885,0.03173415534869524,0.5751839096596978,1.1165897268426677
08/01/2021,22:16:35,24.88366267388927,32.135754431474275,1.7635927117350836,1.3091448557912406,1.1704884114146188,0.6439839584922937,4.893441757973447,0.0023189623073401502,-0.0003375309018770029,3.0127445750038153,0.09721515031283377,0.03176540820998015,0.5748776316191057,1.1159209156111711
08/01/2021,22:36:35,24.867640700897724,32.1449098446123,1.7631739233938653,1.3065508683045932,1.1698070990386078,0.6431838852433999,4.893404254539905,0.002300210590569206,-0.00035628261864794746,3.012550807263848,0.09722140088509076,0.03169040134289637,0.5742900778269495,1.1146833023042881
08/01/2021,22:56:35,24.855001144426637,32.16678110933089,1.7644552907065476,1.306825893483901,1.1706009217152447,0.6426525866015567,4.893635525713413,0.002337714024111095,-0.0003375309018770029,3.0117569845872114,0.09729640775217456,0.03174665649320921,0.5743463329772623,1.1142020082405006
08/01/2021,23:16:35,24.840759390656398,32.18122631672642,1.7653053685334952,1.3072071783915762,1.1717260247215013,0.6421025362429421,4.893679279719214,0.002300210590569206,-0.00036878376316191053,3.0106131298641845,0.09741516862505718,0.03180916221577903,0.5739775492140999,1.1139082313444224
08/01/2021,23:36:35,24.821889066910806,32.21286335545891,1.7665117289790941,1.3070259117961243,1.1734324309476574,0.6415274835953,4.893529265985047,0.002312711735083169,-0.000362533190904929,3.0088254661986875,0.09752142835342588,0.031871667938348856,0.5734149977109719,1.1138707279108806
08/01/2021,23:56:35,24.810050609089284,32.21484702830548,1.7676243308408355,1.3062383396917439,1.1755638760872886,0.6410149366702275,4.893635525713415,0.0022939600183122244,-0.0003562826186479475,3.0072065679841304,0.09769644437662132,0.031877918510605834,0.5733337402716313,1.113958235922478
09/01/2021,00:16:35,24.805778082958213,32.22618956791536,1.7683994018007019,1.3049257195177784,1.1778828383946283,0.6403398748664734,4.893429256828935,0.002256456584770336,-0.00035003204639096595,3.004825099954219,0.09780895467724701,0.031952925377689616,0.5730274622310395,1.1138519761941095
09/01/2021,00:36:35,24.788955011317107,32.27369598942042,1.7697932794140097,1.3028505295284603,1.180433071875477,0.6398210773691438,4.893498013123761,0.002268957729284299,-0.00035628261864794746,3.0025311399359067,0.09804647642301233,0.03205918510605831,0.5725649198840226,1.114114500228903
09/01/2021,00:56:35,24.776582487729204,32.30304417486839,1.771630947657562,1.302150465435678,1.1838083808942463,0.6392335235769876,4.893216737372196,0.002256456584770336,-0.0003500320463909659,2.999630874408667,0.09825899587974973,0.03207793682282926,0.5719773660918661,1.1148520677552263
09/01/2021,01:16:35,24.764922051829817,32.30858828615753,1.773731139935907,1.3018441873950868,1.187158687623989,0.6387834823744848,4.893029220204486,0.002256456584770336,-0.00035628261864794746,2.996474335418891,0.098515269342286,0.032234201129253764,0.5718398535022129,1.1154271204028694
09/01/2021,01:36:35,24.748722056916147,32.372320134279384,1.7761251091103303,1.3010191118571648,1.1900777048679991,0.638433450328094,4.893379252250878,0.0022627071570273175,-0.000362533190904929,2.9937428353425903,0.0989028048222189,0.03232170914085151,0.5717835983519002,1.116677234854265
09/01/2021,01:56:35,24.732433051041422,32.45502403295948,1.774781236075081,1.2931808942469103,1.1889901052952845,0.6379146528307644,4.893398003967648,0.0022502060125133548,-0.00035003204639096595,2.9928740057988708,0.09901531512284453,0.03234671142987944,0.5712210468487716,1.1151208423622767
09/01/2021,02:16:35,24.722908878207576,32.58884565499352,1.771212159316343,1.2810360323515937,1.1858585685945369,0.637452110483748,4.893454259117962,0.002256456584770336,-0.0003375309018770028,2.9926864886311617,0.09909032198992831,0.03225920341828169,0.5708835159468947,1.1123580894246907
09/01/2021,02:36:35,24.722819867246507,32.68660512194502,1.7685244132458415,1.2710851213184797,1.183464599420113,0.636795800396765,4.893329247672822,0.0022502060125133548,-0.0003562826186479475,2.9923239554402565,0.09915282771249813,0.032246702273767726,0.5708585136578667,1.110107883412178
09/01/2021,02:56:35,24.716945143816282,32.763612319117016,1.7671055333435077,1.263603186326874,1.1826020204486494,0.636333258049748,4.893441757973449,0.002256456584770336,-0.0003562826186479475,2.991830160231956,0.09924033572409588,0.0322529528460247,0.5709585228139784,1.108789012665955
09/01/2021,03:16:35,24.720060527453523,32.82317336792045,1.765936676331452,1.2577776529833666,1.1822582389745149,0.6358644651304748,4.893316746528309,0.002268957729284299,-0.00034378147413398444,2.9905612940637876,0.09933409430795061,0.03224045170151074,0.5708835159468948,1.1079451854112619
09/01/2021,03:36:35,24.715342946517126,32.88873629866992,1.7661929497939879,1.2537085304440712,1.1831395696627498,0.6356581962459943,4.8935230154127884,0.002281458873798262,-0.0003437814741339844,2.9894549427743025,0.09947785746986121,0.03226545399053867,0.571146039981688,1.1078014222493515
09/01/2021,03:56:35,24.70920119020371,32.947076625721614,1.7659304257591943,1.2496081550434919,1.1836771188768507,0.6351831527544635,4.893410505112162,0.0024064703189378904,-0.00035003204639096595,2.988348591484816,0.09958411719822978,0.03226545399053867,0.5711272882649171,1.107588902792615
09/01/2021,04:16:35,24.706263828488595,33.00155133389283,1.7654491316954057,1.2457578025331912,1.1837458751716774,0.6347831161300167,4.893441757973448,0.0023377140241110945,-0.00034378147413398444,2.9872484907675867,0.09966537463757054,0.03229670685182358,0.5710772836868612,1.1069013398443457
09/01/2021,04:36:35,24.690508888380258,33.065740952671604,1.764211518388525,1.240407312681215,1.1826207721654205,0.6343768289333129,4.893473010834734,0.0022627071570273175,-0.00032502975736303986,2.9871172287501904,0.09968412635434148,0.03227170456279565,0.5711897939874869,1.1057824874103461
09/01/2021,04:56:35,24.69113196510771,33.127387401134264,1.7627488844803907,1.2348318022279874,1.1818019471997556,0.6338830337250114,4.893254240805738,0.0022814588737982617,-0.00034378147413398444,2.9864796703799787,0.09972788036014038,0.03225920341828169,0.5711522905539449,1.1044198626583248
09/01/2021,05:16:35,24.68783855954833,33.18664326949976,1.761980064092783,1.230612665954525,1.1810206256676337,0.6335455028231343,4.8934792614069895,0.0022939600183122244,-0.0003562826186479475,2.986260900350984,0.09974663207691131,0.0322529528460247,0.5710272791088052,1.1036135388371735
09/01/2021,05:36:35,24.675377024999364,33.24533964039572,1.7604424233175646,1.225137164657409,1.1801642972684268,0.6329391973142072,4.893391753395393,0.0022627071570273175,-0.0003437814741339844,2.985804608576225,0.09979663665496717,0.0322529528460247,0.5708147596520678,1.102394677247062
09/01/2021,05:56:35,24.65650670125378,33.302662699320976,1.760029885548603,1.2219118693728066,1.1793829757363044,0.6324454021059057,4.89349801312376,0.0022502060125133548,-0.0003687837631619106,2.985842112009767,0.09977163436593924,0.03225920341828169,0.5709710239584924,1.1017258660155655
09/01/2021,06:16:35,24.626599018336265,33.38755372447293,1.7567920891194868,1.2137986265832446,1.1757638943995117,0.631357802533191,4.893204236227684,0.0022502060125133543,-0.0003625331909049291,2.986629684114146,0.0996091194872577,0.03217794597894094,0.5698146680909506,1.098706839615444
09/01/2021,06:36:35,24.61146715495537,33.44228274967575,1.7528979826033881,1.2048915611170465,1.17108846635129,0.6304452189836715,4.893460509690217,0.002268957729284299,-0.00034378147413398444,2.9886861223866927,0.09942785289180535,0.032065435678315296,0.5694021303219899,1.0953127788799022
09/01/2021,06:56:35,24.5910836448717,33.47788713410137,1.7478850236532897,1.1946468731878528,1.1657129742102859,0.6291826033877614,4.8935230154127884,0.0022502060125133548,-0.00035003204639096595,2.9910800915611166,0.09918408057378304,0.03190917137189075,0.5690833511368842,1.0908873737219598
09/01/2021,07:16:35,24.592685842170845,33.49228147809059,1.7433283564779491,1.1864398718144369,1.1608250267053255,0.6279637417976497,4.89339800396765,0.0022502060125133548,-0.000350032046390966,2.993036520677553,0.09892780711124677,0.03184041507706394,0.5690395971310852,1.0870120189226307
09/01/2021,07:36:35,24.585921009129983,33.5009791205717,1.7392842362276826,1.1785891530596666,1.1562996123912719,0.6269136456584771,4.893560518846331,0.0022814588737982617,-0.0003562826186479475,2.994980448649474,0.09874028994353737,0.03169665191515335,0.5688083259575767,1.083511698458721
09/01/2021,07:56:35,24.558594644083318,33.52066325881844,1.7350025942316496,1.1707259331603848,1.1520242209674962,0.6254510117503436,4.893110477643829,0.002268957729284299,-0.00035628261864794746,2.9962993193956966,0.09844026247520223,0.03157789104227072,0.5682957790325041,1.0795425850755378
09/01/2021,08:16:35,24.54132651763689,33.554385697210144,1.7331399236990683,1.1658504867999389,1.1498052678162678,0.6244821730505112,4.89333549824508,0.002268957729284299,-0.0003437814741339844,2.9973494155348703,0.0983402533190905,0.03154663818098583,0.5681145124370518,1.0771736181901417
09/01/2021,08:36:35,24.528241906360456,33.55067266854862,1.731246000305203,1.161318821913627,1.1479863512894857,0.6234133251945674,4.893116728216084,0.0022814588737982617,-0.00034378147413398444,2.997849461315427,0.09829649931329162,0.03149663360292997,0.5676144666564932,1.0750984282008245
09/01/2021,08:56:35,24.502606749574017,33.575494010833914,1.7299083778422097,1.157730993438121,1.1460236716007937,0.6224944910727909,4.893285493667023,0.0023189623073401502,-0.0003562826186479475,2.9989120585991156,0.09820899130169387,0.03149663360292997,0.5676832229513199,1.0730107370669928
09/01/2021,09:16:35,24.462373795173068,33.59609369039445,1.7273518937891044,1.152493013886769,1.1429171371890734,0.6212568777659087,4.8932917442392805,0.002300210590569206,-0.00035628261864794746,3.000493453380131,0.09800897298947044,0.03135287044101939,0.5673456920494431,1.0702604852739208
09/01/2021,09:36:35,24.4474199537143,33.575137966989644,1.7253204578055856,1.1482676270410492,1.1406981840378454,0.6201130230428813,4.893222987944455,0.002350215168625057,-0.0003687837631619106,3.0015998046696177,0.09786520982755985,0.031315367007477495,0.5669019014191977,1.0676414954982443
09/01/2021,09:56:35,24.410925459678033,33.57167925535973,1.7226077094460557,1.142960891194872,1.1373478773081027,0.6186441385624906,4.893254240805738,0.0023439645963680765,-0.00034378147413398444,3.0035874866473375,0.09768394323210736,0.03130286586296353,0.5660705753090187,1.0646724736761792
09/01/2021,10:16:35,24.351021082881914,33.572849113705146,1.7171134564321695,1.134016322295132,1.1316223531207077,0.6166189531512285,4.893316746528309,0.002431472607965816,-0.0003437814741339844,3.006569009613917,0.09730890889668849,0.03109659697848312,0.5652454997710971,1.0589969540668394
09/01/2021,10:36:35,24.32725515627782,33.50616718801658,1.71292557301999,1.1263156172745303,1.1275282282923849,0.6149125469250725,4.893460509690218,0.0023627163131390203,-0.000362533190904929,3.009112992522508,0.09704013428963838,0.030952833816572583,0.5649767251640473,1.0541777628567064
09/01/2021,10:56:35,24.31479362172885,33.441723252206216,1.7086501815962156,1.1192712223409123,1.1228778025331914,0.6131498855486038,4.893460509690218,0.002368966885396002,-0.00035003204639096595,3.0119945063329774,0.09671510453227532,0.030877826949488794,0.5644454265222034,1.0499023714329312
09/01/2021,11:16:35,24.295478243177946,33.35871417308818,1.7048560842362273,1.113208167251641,1.1186274133984437,0.6115372379063022,4.893454259117961,0.002393969174423928,-0.0003687837631619106,3.0142822157790325,0.09643382878071116,0.03075281550434916,0.5643016633602931,1.0457207385930105
09/01/2021,11:36:35,24.288980443020264,33.26858421708503,1.7022870990386083,1.1091077918510612,1.1153333618190142,0.6101621120097663,4.89358552113536,0.002406470318937891,-0.0003562826186479475,3.016588676941858,0.09619630703494585,0.030709061498550284,0.5642266564932095,1.0431392522508771
09/01/2021,11:56:35,24.296368352788583,33.116146588337024,1.6994493392339385,1.1050324187395093,1.112126818251182,0.6084682069281246,4.893441757973448,0.002425222035708835,-0.0003312803296200214,3.018707620936976,0.09594628414466655,0.03057154890889667,0.5637516130016784,1.039745191515337
09/01/2021,12:16:35,24.28666615803259,32.963861549808,1.6968491011750344,1.1015821028536548,1.108932775827865,0.6067180466961698,4.893466760262475,0.0024127208911948724,-0.0003375309018770029,3.020964077521746,0.0956837601098733,0.030502792614069893,0.5635453441171983,1.0371949580344881
09/01/2021,12:36:35,24.2904046183973,32.78990870018565,1.6941926079658174,1.0985693270257895,1.1056199725316647,0.6049428841751873,4.893529265985047,0.002425222035708835,-0.000362533190904929,3.0234143018464823,0.09539623378605218,0.030384031741187256,0.5630452983366395,1.0341634304898528
09/01/2021,12:56:35,24.29992879123115,32.574807354848545,1.691736133068823,1.0960878498397684,1.102944727605677,0.6029614527697233,4.893366751106364,0.0024314726079658166,-0.0003562826186479475,3.025476990691286,0.09509620631771706,0.030352778879902346,0.5624264916831986,1.031288167251641
09/01/2021,13:16:35,24.305892525622436,32.361893135983316,1.6899922234091247,1.0951565145734776,1.1010133007782692,0.6010425270868304,4.89306672363803,0.002437723180222798,-0.00034378147413398444,3.0270708866168166,0.09484618342743785,0.030271521440561593,0.5621639676484054,1.029144220967496
09/01/2021,13:36:35,24.311945270974796,32.15259021896695,1.6894921776285678,1.095312778879903,1.0998006897604147,0.5996549000457805,4.893466760262476,0.002437723180222798,-0.0003562826186479475,3.0290085640164808,0.09467116740424236,0.030246519151533657,0.5623889882496566,1.0277503433541886
09/01/2021,13:56:35,24.344434271763184,31.9239083441418,1.6885170883564782,1.0955753029146953,1.0984693178696778,0.5981547627041054,4.893510514268275,0.002437723180222798,-0.00035003204639096595,3.03056495650847,0.0944836502365329,0.03019026400122082,0.561970199908439,1.0262127025789707
09/01/2021,14:16:35,24.369090307977924,31.730525673304342,1.6883983274835954,1.0968754219441479,1.0979005157942932,0.5969484022585075,4.893423006256677,0.002456474896993743,-0.0003375309018770029,3.0315650480695857,0.0943336365023654,0.030196514573477804,0.5617764321684723,1.0252813673126808
09/01/2021,14:36:35,24.382441952137523,31.559065130591797,1.6899297176865569,1.1005507584312535,1.0986130810315884,0.5959670624141616,4.8933855028231354,0.0024627254692507245,-0.00035003204639096595,3.031971335266291,0.09420237448496875,0.03019026400122082,0.561538910422707,1.0255751442087595
09/01/2021,14:56:35,24.386358434424345,31.360138348465192,1.6905922783457952,1.1032385045017554,1.0982818007019683,0.594554433084084,4.893454259117962,0.0025002289027926134,-0.0003437814741339844,3.0331651945673737,0.09398985502823136,0.030184013428963836,0.5606075751564173,1.024968838699832
09/01/2021,15:16:35,24.39080898247755,31.133033239236024,1.6884295803448803,1.101807123454906,1.0957878223714326,0.592416737372196,4.893322997100567,0.0026002380589043184,-0.00035003204639096595,3.0355904166030827,0.09365232412635431,0.030127758278650996,0.5593262078437357,1.022274842057073
09/01/2021,15:36:35,24.402558429338015,30.84687571526664,1.6853730505112159,1.098938110788952,1.092900057988707,0.5899165084694036,4.893366751106364,0.0025752357698763926,-0.0003375309018770029,3.038778208454145,0.0933460460857622,0.03000899740576833,0.5583948725774455,1.0184119884022584
09/01/2021,15:56:35,24.420004577706568,30.596119122097615,1.6809538959255301,1.0947127239432322,1.0888371860216695,0.5875662933007785,4.893260491377997,0.0025752357698763926,-0.0003375309018770029,3.042022255455517,0.09291475660003054,0.029890236532885712,0.5576573050511218,1.0142241049900809
09/01/2021,16:16:35,24.44092215355662,30.354823122504516,1.6770285365481452,1.0911311460399824,1.0853243644132464,0.5857098733404545,4.893416755684419,0.002618989775675263,-0.0003562826186479475,3.044822511826643,0.09258972684266754,0.02980897909354496,0.5573135235769876,1.0107487868151996
09/01/2021,16:36:35,24.453650720988776,30.14241753770249,1.6734844620784373,1.08753081641996,1.0828241355104538,0.5838347016633602,4.893435507401191,0.0026252403479322447,-0.000350032046390966,3.0469664581107896,0.09230220051884634,0.02965896535937739,0.5567759743628872,1.0071422066229203
09/01/2021,16:56:35,24.457300170392408,29.946288242923632,1.6698278773081034,1.0834179398748662,1.0798363619716163,0.5821157942926906,4.893510514268275,0.0026252403479322447,-0.0003562826186479475,3.0493729284297273,0.0919896719059973,0.02962771249809248,0.5565509537616361,1.003560628719671
09/01/2021,17:16:35,24.469316650136058,29.77309834439612,1.6665213245841604,1.079680097665192,1.0773611353578516,0.5803718846329925,4.893454259117961,0.0026252403479322447,-0.0003437814741339844,3.0509793254997715,0.09169589500991913,0.02954645505875171,0.5555008576224628,1.0002103219899277
09/01/2021,17:36:35,24.453205666183457,29.632715342946526,1.6650274378147423,1.0776549122539292,1.0766423195482984,0.5790967678925679,4.893454259117961,0.0026252403479322447,-0.00034378147413398444,3.0517793987486646,0.09155838242026552,0.029496450480695866,0.5551945795818711,0.9983163985960631
09/01/2021,17:56:35,24.453027644261333,29.527834999109903,1.6637523210743175,1.0763735449412482,1.0765173081031587,0.5776841385624907,4.892279151533646,0.0026252403479322447,-0.000362533190904929,3.050360518846331,0.09137086525255604,0.02945269647489699,0.55411948115367,0.9962974637570581
09/01/2021,18:16:35,24.434513364360004,29.497723862567074,1.6673026461162828,1.079823860827102,1.0795925896535936,0.5778779063024572,4.893097976499312,0.002650242636960171,-0.0003562826186479475,3.049191661834274,0.09158338470929346,0.029577707920036618,0.5551070715702733,0.9978788585380742
09/01/2021,18:36:35,24.40095623203886,29.502454159355047,1.6696591118571649,1.0825116068976048,1.0812302395849236,0.5778279017244011,4.893373001678621,0.002637741492446208,-0.000362533190904929,3.0478915428048214,0.09168339386540517,0.02962771249809248,0.555475855333435,0.998928954677247
09/01/2021,18:56:35,24.352890313064268,29.55428397039749,1.6717843064245383,1.0851430978177936,1.0827178757820848,0.5776841385624906,4.8933855028231354,0.002631490920189226,-0.000362533190904929,3.0470102121165876,0.0917083961544331,0.02967146650389136,0.5553383427437814,0.9996915244925993
09/01/2021,19:16:35,24.31016505175351,29.581190712342014,1.6766222493514416,1.0919624721501604,1.0866182328704415,0.5779529131695409,4.893416755684421,0.0026439920647031894,-0.000362533190904929,3.0442224568899747,0.09185215931634369,0.029815229665801937,0.5556696230734014,1.0020604913779951
09/01/2021,19:36:35,24.270733196002134,29.62767986572061,1.6844729681062114,1.1026572012818554,1.092931310849992,0.5785904715397531,4.893410505112162,0.002650242636960171,-0.00036878376316191053,3.0400783274835956,0.09223344422401956,0.030002746833511347,0.5557883839462843,1.0063546345185417
09/01/2021,19:56:35,24.220798046845196,29.67645787238372,1.6949051732031135,1.1158271570273164,1.1025759438425144,0.5793405402105908,4.8934355074011915,0.0026939966427590406,-0.0003562826186479475,3.0339027620936974,0.0927397405768351,0.03035902945215933,0.5561821699984737,1.0120489058446516
09/01/2021,20:16:35,24.167569492128894,29.738155184252687,1.7033559468945527,1.127540729436899,1.109239053868457,0.5798593377079201,4.893179233938654,0.0026752449259880976,-0.0003562826186479475,3.028958559438426,0.09310227376773995,0.030540296047611767,0.5559008942469096,1.0169556050663817
09/01/2021,20:36:35,24.112916762035542,29.799140408433153,1.7115004425453995,1.1393480604303377,1.1157771524492606,0.5806094063787578,4.893435507401191,0.0027127483595299857,-0.00033753090187700293,3.0252582206622933,0.09344605524187391,0.03075281550434916,0.5562446757210436,1.021962313444224
09/01/2021,20:56:35,24.04687062892602,29.861600671396964,1.719232400427286,1.1511428902792615,1.1224152601861743,0.5810469464367466,4.8932104867999415,0.0026814954982450775,-0.00035003204639096595,3.0208140637875784,0.09373358156569508,0.030934082099801634,0.5560446574088204,1.0266189897756757
09/01/2021,21:16:35,23.984117901375857,29.925129065893543,1.7279331970090035,1.1636752876545093,1.1295971677094463,0.5817845139630704,4.893554268274074,0.002675244925988097,-0.00033128032962002137,3.0167136883869983,0.09417737219594084,0.03114035098428199,0.5564009400274684,1.031488185563864
09/01/2021,21:36:35,23.93284758780295,29.96490424963759,1.7366589958797507,1.176282691896841,1.1374228841751868,0.5824220723332822,4.893691780863729,0.002712748359529986,-0.0003375309018770029,3.011881996032351,0.0946211628261865,0.03144662902487412,0.556569705478407,1.0364323882191362
09/01/2021,21:56:35,23.849088273441673,30.036926832990005,1.7454160476117802,1.188077521745766,1.145748646421486,0.5827908560964447,4.89354176712956,0.0027064977872730046,-0.000362533190904929,3.0065690096139175,0.09508995574546007,0.031690401342896364,0.5563259331603845,1.0411453197009006
09/01/2021,22:16:35,23.782508074565758,30.082042674397897,1.753691805280025,1.198222200518846,1.154386937280635,0.5831033847092935,4.893566769418588,0.0027252495040439497,-0.00033128032962002137,3.001056004883259,0.09560250267053254,0.03192792308866169,0.5563946894552115,1.0454894674195019
09/01/2021,22:36:35,23.71779710587218,30.1225808092368,1.7605861864794752,1.2061166732794137,1.1618438699832139,0.5831096352815502,4.893354249961851,0.0027315000763009313,-0.0003562826186479475,2.9959492873493065,0.09602129101175035,0.03219044712345491,0.5560446574088203,1.0489522844498704
09/01/2021,22:56:35,23.661008112713297,30.151674677653155,1.7667930047306581,1.2123422432473676,1.1686319914542966,0.5831908927208911,4.893535516557303,0.002718998931786967,-0.0003750343354188921,2.9917364016481,0.09647133221425305,0.032434219441477195,0.5559759011139934,1.0521650785899594
09/01/2021,23:16:35,23.635550977848983,30.132550036875966,1.7713684236227685,1.2161863451854111,1.174620039676484,0.5829908744086676,4.892997967343203,0.0028127575156416907,-0.0003437814741339844,2.986667187547687,0.09685261712192896,0.032571732031130805,0.5556008667785745,1.0539902456889976
09/01/2021,23:36:35,23.628608122885986,30.09898018870324,1.7753250358614383,1.218492806348238,1.1792892171524498,0.583153389287349,4.8935230154127884,0.0028065069433847096,-0.00034378147413398444,2.9837169174423943,0.09724015260186171,0.032778000915611165,0.5561759194262168,1.0556153944758124
09/01/2021,23:56:35,23.595229012486964,30.104320846367077,1.7754250450175502,1.216567630093087,1.1804643247367617,0.5828846146802995,4.893529265985047,0.0028065069433847096,-0.000362533190904929,2.982423048985198,0.09735266290248737,0.03280300320463909,0.555832137952083,1.0554716313139019
10/01/2021,00:16:35,23.570750998194352,30.1086950993108,1.7751187669769573,1.2144736883869984,1.1807831039218681,0.5826345917900199,4.893466760262475,0.0028127575156416907,-0.00034378147413398444,2.9815667205859913,0.09742141919731416,0.03281550434915304,0.5557571310849994,1.0550778452617127
10/01/2021,00:36:35,23.542979578342365,30.112764171816583,1.7734936181901408,1.2101482923851676,1.1801455455516556,0.5823533160384554,4.893579270563103,0.0028127575156416907,-0.0003687837631619106,2.9813729528460238,0.09740266748054321,0.032790502060125126,0.5558508896688541,1.053777726232259
10/01/2021,00:56:35,23.510579588515036,30.1287352814018,1.7706746101022424,1.2051290828628107,1.1776828200824052,0.5817845139630703,4.893354249961851,0.0028127575156416907,-0.0003250297573630398,2.9820792675110654,0.09722140088509076,0.03265298947047156,0.5557071265069435,1.0520275660003058
10/01/2021,01:16:35,23.4871697057552,30.144553800768037,1.7683556477949027,1.200609919121013,1.1759326598504498,0.5813282221883109,4.893429256828935,0.0028627620936975432,-0.000362533190904929,2.983066857927667,0.09712764230123601,0.032615486036929674,0.5553633450328093,1.0507149458263396
10/01/2021,01:36:35,23.45761806668192,30.167188016581463,1.7656554005798875,1.1956157118876847,1.1736011963985962,0.58085317869678,4.893254240805738,0.00285026094918358,-0.0003562826186479475,2.983554402563712,0.09699012971158252,0.03250922630856098,0.5551820784373569,1.0488397741492446
10/01/2021,01:56:35,23.43598840314336,30.178886600035604,1.763311435983519,1.1911403021516864,1.171032211200977,0.5806781626735849,4.893516764840531,0.0029502701052952843,-0.00035003204639096595,2.985010785899588,0.09683386540515795,0.03244672058599116,0.5553820967495804,1.0475459056920493
10/01/2021,02:16:35,23.41711807939778,30.213880623585364,1.7598486189531501,1.185389775675263,1.1677194079047761,0.5801781168930265,4.893685530291469,0.0028940149549824506,-0.00035003204639096595,2.9865796795360913,0.09664634823744851,0.032359212574393406,0.555219581870899,1.0453457042575927
10/01/2021,02:36:35,23.388011495129835,30.241753770249993,1.7560857744544491,1.1793767251640475,1.1641128277124981,0.5795593102395846,4.893629275141158,0.0028315092324126354,-0.000362533190904929,2.9883360903403013,0.09642757820845418,0.0322529528460247,0.5551633267205863,1.0429392339386536
10/01/2021,02:56:35,23.35596754914677,30.26667683934794,1.7525729528460254,1.1739449778727302,1.1604624935144214,0.5790467633145122,4.893629275141156,0.0029502701052952843,-0.00033753090187700293,2.99020501144514,0.09615880360140396,0.03207793682282926,0.5550070624141615,1.0407390325041967
10/01/2021,03:16:35,23.33407085272501,30.303756262556906,1.7488726140698907,1.1678131664886306,1.1562683595299867,0.5785217152449261,4.8934730108347315,0.002981522966580192,-0.0003687837631619106,2.9921176865557775,0.09593378300015258,0.03203418281703038,0.5549008026857928,1.038382566763315
10/01/2021,03:36:35,23.29882251214364,30.340632232140592,1.7423782694948886,1.1586935815656954,1.1499302792614075,0.5775966305508927,4.8933042453837965,0.002925267816267359,-0.0003562826186479475,2.9953679841294067,0.09551499465893482,0.031821663360293,0.5543820051884633,1.0340884236227683
10/01/2021,03:56:35,23.256275272755023,30.389969736273233,1.7352588676941856,1.1489989439951167,1.1426421120097665,0.5767778055852281,4.89354176712956,0.0029940241110941552,-0.00035628261864794746,2.999649626125439,0.09505870288417514,0.0315216358919579,0.5542319914542958,1.0296130138867696
10/01/2021,04:16:35,23.23589176267134,30.40736502123547,1.7296083503738737,1.1414295009919115,1.1367290706546624,0.5760589897756758,4.8935230154127884,0.002969021822066229,-0.0003312803296200214,3.0029811811384106,0.09462741339844348,0.031352870441019386,0.5541757363039826,1.0259564291164358
10/01/2021,04:36:35,23.224765392538337,30.427557793545436,1.7249079200366246,1.135647721654204,1.1315723485426519,0.5754901877002899,4.893448008545705,0.0029877735388371737,-0.00035003204639096595,3.0056751777811703,0.09428363192430952,0.03126536242942164,0.5539944697085304,1.022981156722113
10/01/2021,04:56:35,23.197082983647427,30.474199537143004,1.7211450755379203,1.1305160018312221,1.127096938806654,0.5749838913474742,4.893635525713415,0.003000274683351137,-0.0003375309018770029,3.0082254112620173,0.0940086067450023,0.031127849839768025,0.5542257408820387,1.0203934198077222
10/01/2021,05:16:35,23.171447826860966,30.5011062790875,1.7174384861895327,1.125846824355257,1.1231403265679836,0.5744963467114302,4.893623024568901,0.003000274683351137,-0.00035628261864794746,3.0105506241416142,0.09370232870441017,0.030940332672058615,0.5540069708530446,1.01799320006104
10/01/2021,05:36:35,23.147859922178988,30.540932326237883,1.7141006806043035,1.1217214466656502,1.1191024568899737,0.5741275629482677,4.893554268274075,0.0030065252556081183,-0.0003625331909049291,3.0126820692812455,0.09340855180833202,0.030884077521745778,0.5536194353731116,1.0156929894704716
10/01/2021,05:56:35,23.10949619796037,30.58325068029806,1.7102565786662596,1.1172147840683657,1.1149333251945677,0.5732462322600335,4.892904208759347,0.0030065252556081183,-0.00035628261864794746,3.014407227224173,0.09307727147871202,0.030715312070807264,0.5531881458873799,1.012848979093545
10/01/2021,06:16:35,23.062943465323865,30.629078609394472,1.7081063818098585,1.1140457439340758,1.1122893331298642,0.572783689913017,4.8930854753548,0.003000274683351137,-0.00036878376316191053,3.016144886311613,0.0928772531664886,0.03062780405920951,0.5525568380894248,1.011211329162216
10/01/2021,06:36:35,23.02742809185931,30.67546603596043,1.7060124401037697,1.1110829726842664,1.1089702792614071,0.572452409583397,4.893579270563103,0.0030065252556081183,-0.000350032046390966,3.0183950923241265,0.09266473370975131,0.03057154890889667,0.5530193804364415,1.0092236471844962
10/01/2021,06:56:35,23.006688537931385,30.679942015716804,1.7030684205707314,1.107501394781017,1.105970004578056,0.5717898489241574,4.893473010834733,0.003025276972379062,-0.0003687837631619106,3.0198952296658015,0.09244596368075693,0.030477790325041963,0.5528631161300168,1.0067859240042725
10/01/2021,07:16:35,22.96779074794639,30.697744207929613,1.7008744697085316,1.1050699221730513,1.102769711582481,0.5712397985655425,4.8935792705631025,0.0030815321226918967,-0.0003437814741339844,3.0218516587822366,0.09221469250724862,0.030384031741187256,0.5528693667022737,1.0050545154890898
10/01/2021,07:36:35,22.912247908242406,30.748251570407664,1.6983367373721963,1.1018258751716774,1.0992006348237455,0.5704084724553642,4.893691780863728,0.003037778116893026,-0.000362533190904929,3.023951851060583,0.09197717076148333,0.030296523729589513,0.5523193163436596,1.0028605646268882
10/01/2021,07:56:35,22.8627578138908,30.765850308995194,1.6957114970242628,1.098719340759957,1.0957753212269188,0.5695458934839005,4.8936667785747,0.003069030978177934,-0.0003375309018770028,3.026045792766672,0.09169589500991913,0.03019026400122082,0.5522318083320618,1.000729119487258
10/01/2021,08:16:35,22.812199588006404,30.78899315887185,1.6927174729131695,1.095287776590874,1.092118736456585,0.5685333007782695,4.8933354982450785,0.0031190355562337856,-0.0003750343354188921,3.028033474744392,0.09140211811384097,0.030090254845109098,0.5517880177018157,0.9982788951625208
10/01/2021,08:36:35,22.775082017242692,30.797843391571927,1.690229745154891,1.092375009919121,1.0888121837326417,0.5676457195177781,4.893404254539905,0.003169040134289638,-0.0003687837631619106,3.03025242789562,0.0910833389287349,0.02999649626125437,0.5515879993895927,0.9962224568899742
10/01/2021,08:56:35,22.73662928206302,30.790264744029905,1.6878295254082087,1.0893497329467423,1.0856056401648106,0.5670019105753094,4.893798040592094,0.0031565389897756746,-0.00035628261864794746,3.0327151533648697,0.09088957118876849,0.029927739966427593,0.5515067419502517,0.9942847794903092
10/01/2021,09:16:35,22.716067750057213,30.780041199359115,1.6849167587364557,1.0860556813673126,1.0825491103311462,0.5661205798870749,4.893591771707613,0.0031877918510605824,-0.000362533190904929,3.0344903158858547,0.0906145460094613,0.02980897909354496,0.5512817213490006,0.9922158400732491
10/01/2021,09:36:35,22.71295236641998,30.75018437984792,1.683054088203876,1.0833929375858382,1.080380161757973,0.5653955135052648,4.893548017701816,0.0031877918510605824,-0.0003625331909049291,3.0359779520830155,0.09043952998626588,0.029796477949030998,0.5513004730657712,0.9906844498702881
10/01/2021,09:56:35,22.727550164034483,30.695506218051413,1.6808976407752174,1.0811614832900966,1.0781674591790023,0.5648454631466506,4.893541767129562,0.0031877918510605824,-0.0003562826186479475,3.0371780619563555,0.09029576682435529,0.0296902182206623,0.5510754524645204,0.9892655699679535
10/01/2021,10:16:35,22.74036774242771,30.651763688614228,1.6793662505722566,1.0798488631161303,1.076829836716008,0.5645329345338013,4.8937167831527555,0.0032252952846024713,-0.0003687837631619106,3.038178153517473,0.09019575766824356,0.029677717076148337,0.5511004547535483,0.9882717289790939
10/01/2021,10:36:35,22.755499605808595,30.599730423946493,1.6784849198840233,1.0788362704104986,1.0763672943689906,0.5640953944758128,4.893591771707616,0.003200292995574546,-0.0003437814741339844,3.038265661529071,0.09020200824050055,0.029633963070349465,0.5510879536090343,0.9875591637417972
10/01/2021,10:56:35,22.751049057755395,30.590931054652735,1.6779536212421795,1.0780486983061193,1.0759297543110025,0.5638266198687624,4.8937480360140375,0.0032315458568594533,-0.00035003204639096595,3.038346918968412,0.09005199450633299,0.029646464214863427,0.5510254478864646,0.9871841294063795
10/01/2021,11:16:35,22.76208641692733,30.579385061417565,1.6782098947047155,1.0781049534564322,1.0763297909354488,0.5637516130016785,4.893729284297269,0.003306552723943232,-0.000362533190904929,3.037678107736914,0.09017700595147263,0.029727721654204193,0.551394231649626,0.9873716465740875
10/01/2021,11:36:35,22.76253147173265,30.573586633096827,1.6785224233175655,1.0780611994506333,1.0766798229818404,0.5636328521287959,4.89354176712956,0.003362807874256067,-0.0003625331909049291,3.036815528765451,0.09022075995727151,0.0297277216542042,0.5510004455974366,0.9875216603082554
10/01/2021,11:56:35,22.744284224714534,30.601663233386738,1.6793662505722566,1.0785549946589355,1.0775048985197615,0.5637016084236227,4.893666778574698,0.0033690584465130486,-0.0003625331909049291,3.0361092141004127,0.09027701510758433,0.029815229665801937,0.5509504410193807,0.9881904715397529
10/01/2021,12:16:35,22.764934767681385,30.59622084891025,1.6801288203876088,1.0787925164046996,1.078554994658935,0.5638203692965054,4.89360427285213,0.0033753090187700297,-0.000350032046390966,3.03507786967801,0.09035827254692512,0.029815229665801937,0.550750422707157,0.9887342713261097
10/01/2021,12:36:35,22.795465527326375,30.567940794995042,1.6808726384861896,1.0796300930871359,1.0792863116130014,0.5643204150770637,4.8937480360140375,0.0033815595910270113,-0.00035003204639096595,3.0344153090187693,0.09043952998626588,0.02982148023805892,0.5516067511063637,0.989553096291775
10/01/2021,12:56:35,22.803832557666393,30.573179725846234,1.679560018312223,1.0784487349305663,1.0782862200518843,0.5643391667938349,4.893385502823135,0.0033753090187700297,-0.0003625331909049291,3.0342902975736292,0.09035202197466813,0.029815229665801937,0.5513129742102855,0.9893093239737527
10/01/2021,13:16:35,22.813979807227685,30.588286157523967,1.6790349702426366,1.07761115824813,1.07761115824813,0.564651695406684,4.893635525713413,0.003406561880054938,-0.0003562826186479475,3.0348403479322443,0.0903645231191821,0.02982148023805892,0.5519192797192123,0.9894530871356632
10/01/2021,13:36:35,22.84451056687266,30.586912845553268,1.678009876392492,1.0765860643979857,1.076436050663818,0.5648829665801928,4.89368553029147,0.0034753181748817343,-0.0003687837631619106,3.035402899435373,0.09023326110178548,0.029815229665801937,0.5520755440256371,0.9893343262627803
10/01/2021,13:56:35,22.872370997685724,30.581470461076783,1.6770285365481454,1.075760988860064,1.0753109476575615,0.5651642423317562,4.893629275141156,0.0034690676026247528,-0.0003687837631619106,3.035715428048223,0.0902145093850145,0.029815229665801937,0.5522943140546316,0.9889967953609033
10/01/2021,14:16:35,22.883497367818723,30.59189745937284,1.6762847184495646,1.0749296627498852,1.074592131848008,0.565383012360751,4.893679279719211,0.003462817030367771,-0.00035003204639096595,3.035934198077217,0.0901895070959866,0.02980897909354496,0.5523130657714026,0.9890217976499313
10/01/2021,14:36:35,22.93654790061289,30.552224002441445,1.675953438119946,1.0744608698306128,1.0744108652525568,0.5656767892568286,4.893491762551505,0.0034190630245689007,-0.00033128032962002126,3.0357716831985346,0.09022701052952849,0.029815229665801937,0.5524943323668549,0.989103055089272
10/01/2021,14:56:35,22.97055008773937,30.552529182879372,1.6751096108652532,1.073704550587517,1.0736420448649469,0.5660080695864489,4.893610523424386,0.003531573325194568,-0.00034378147413398444,3.036190471539753,0.09020200824050055,0.029815229665801937,0.5529256218525866,0.9888967862047913
10/01/2021,15:16:35,23.012385239439485,30.526080211591765,1.674590813367923,1.0732982633908132,1.0735045322752934,0.5663893544941246,4.893660528002444,0.003537823897451549,-0.00034378147413398444,3.036096712955899,0.0902145093850145,0.029815229665801937,0.5532694033267204,0.9889405402105901
10/01/2021,15:36:35,23.05680170901046,30.517331705704333,1.6740157607202804,1.0729857347779648,1.0730419899282773,0.5666393773844042,4.893423006256676,0.0035315733251945684,-0.0003562826186479475,3.035809186632078,0.09024576224629942,0.02980272852128797,0.5535569296505418,0.9890217976499314
10/01/2021,15:56:35,23.094987411306935,30.50049591821165,1.6742470318937883,1.0733732702578966,1.0734045231191813,0.567070666870136,4.893604272852129,0.0035628261864794754,-0.000362533190904929,3.0355841660308256,0.0903270196856402,0.0298277308103159,0.5539257134137041,0.9895780985808028
10/01/2021,16:16:35,23.134686299941514,30.50405635665421,1.67426578361056,1.0734357759804671,1.0735232839920645,0.5674332000610409,4.893529265985046,0.0035628261864794754,-0.000362533190904929,3.0348653502212732,0.09041452769723796,0.029896487105142693,0.5542319914542957,0.9897968686097972
10/01/2021,16:36:35,23.1750972762646,30.50207268380763,1.6753471326110183,1.0745171249809253,1.0746608881428363,0.5679769998473979,4.893654277430184,0.0035628261864794754,-0.00035003204639096595,3.033984019533038,0.0905270379978636,0.02997774454448343,0.5546320280787423,0.9909032198992829
10/01/2021,16:56:35,23.219424734874497,30.499224333053586,1.6758346772470634,1.0751609339233936,1.075629726842668,0.5684020387608726,4.893473010834734,0.0035628261864794754,-0.0003562826186479475,3.0329026705325797,0.0906770517320311,0.02999649626125437,0.5548883015412789,0.9918970608881427
10/01/2021,17:16:35,23.251557691818622,30.50125886930648,1.6770722905539441,1.0764798046696167,1.07674232870441,0.5690520982755994,4.89374803601404,0.0035940790477643828,-0.0003375309018770029,3.0319525835495194,0.09081456432168471,0.030096505417366085,0.5552570853044411,0.9932409339233937
10/01/2021,17:36:35,23.269359884031434,30.525317260496937,1.678691188768504,1.0782549671905999,1.0788175186937277,0.5695833969174425,4.8936355257134165,0.0035815779032504196,-0.0003562826186479475,3.030246177323363,0.0909583274835953,0.030171512284449874,0.5555696139172898,0.9948910849992368
10/01/2021,17:56:35,23.289832405076165,30.543475496554002,1.6809413947810177,1.0803739111857165,1.0816677796429113,0.5699209278193195,4.893366751106365,0.003606580192278346,-0.0003562826186479475,3.0277271967038,0.09118959865710359,0.030209015717991766,0.5556508713566307,0.9967975095376161
10/01/2021,18:16:35,23.29330383255767,30.58635334808372,1.685254289638333,1.0839304867999393,1.086130688234396,0.5705209827559893,4.8935230154127884,0.0036628353425911787,-0.0003750343354188921,3.024664416297878,0.09150837784220966,0.030377781168930276,0.5561696688539597,0.9994039981687782
10/01/2021,18:36:35,23.27941812263167,30.61285318277765,1.6906235312070803,1.0883871448191669,1.0926062810926294,0.5708960170914086,4.893166732794141,0.003731591637417974,-0.000362533190904929,3.019313926445903,0.09193966732794143,0.030565298336639686,0.5561134137036471,1.002041739661224
10/01/2021,18:56:35,23.267401642888036,30.658884565499342,1.6986867694185863,1.0946439676484052,1.1012258202350067,0.5716085823287045,4.893504263696018,0.0037128399206470303,-0.0003625331909049291,3.0137196642759045,0.09252097054784073,0.030871576377231816,0.556813477796429,1.005967099038608
10/01/2021,19:16:35,23.242567584751146,30.70216932427964,1.7060061895315135,1.1006945215931634,1.1092828078742563,0.5719273615138103,4.893272992522511,0.0037440927819319372,-0.000350032046390966,3.0074628414466664,0.09305851976194107,0.03110909812299709,0.5566822157790325,1.009392412635434
10/01/2021,19:36:35,23.222540118511734,30.743266956588084,1.7143944575003822,1.107320128185564,1.1179398504501752,0.5725149153059667,4.893660528002443,0.0037378422096749557,-0.0003562826186479475,3.001824825270869,0.09368982755989622,0.03139662444681826,0.5572010132763621,1.013411530596674
10/01/2021,19:56:35,23.197261005569544,30.774141044225736,1.722476447428659,1.1137332153212267,1.1268531664886319,0.5729087013581565,4.893591771707615,0.0037503433541889184,-0.0003562826186479475,2.995455492141004,0.09427738135205255,0.031690401342896364,0.5573760292995574,1.017349391118572
10/01/2021,20:16:35,23.180882988733764,30.79387604587879,1.7297833663970699,1.1195775003815045,1.1348726506943387,0.5730524645200674,4.893185484510911,0.0037440927819319372,-0.00034378147413398444,2.989154915305966,0.09486493514420881,0.03190917137189075,0.5572322661376468,1.0207747047153974
10/01/2021,20:36:35,23.171091783016713,30.800335698481724,1.7393279902334815,1.1276219868762398,1.1449298214558221,0.5737400274683353,4.893498013123761,0.0037440927819319372,-0.000350032046390966,2.9824292995574555,0.09555874866473367,0.0322529528460247,0.5576760567678926,1.0253438730352509
10/01/2021,20:56:35,23.154357722336663,30.822206963200315,1.746509897756753,1.133347511063635,1.1522679932855175,0.5740025515031282,4.893316746528308,0.0037503433541889184,-0.0003750343354188921,2.976666271936519,0.09609629787883414,0.03254672974210287,0.5575760476117808,1.0286316740424237
10/01/2021,21:16:35,23.13361816840875,30.814984359502553,1.7544856279566605,1.1397668487715547,1.1604374912253932,0.5744338409888602,4.893454259117962,0.0037503433541889184,-0.000362533190904929,2.970765731725927,0.0967213551045323,0.03281550434915304,0.5578573233633453,1.0322195025179304
10/01/2021,21:36:35,23.123025864042127,30.815798174003714,1.761892556081183,1.1462049381962462,1.1682319548298494,0.5747463696017091,4.893404254539907,0.003769095070959864,-0.0003562826186479475,2.964908945521135,0.09729640775217453,0.03311553181748819,0.5578698245078593,1.0355573081031593
10/01/2021,21:56:35,23.0995269703212,30.822868187482516,1.7691619716160543,1.1523242484358307,1.175482618647948,0.5749963924919882,4.893548017701818,0.003762844498702882,-0.00035628261864794746,2.9596397131085,0.09786520982755986,0.03337805585228138,0.5580073370975129,1.0388576102548448
10/01/2021,22:16:35,23.062409399557495,30.83085374227512,1.7751750221272709,1.1571496902182214,1.1816769357546162,0.5749776407752175,4.8932917442392805,0.003762844498702882,-0.000362533190904929,2.954645505875172,0.09832775217457654,0.03356557301999085,0.5576948084846637,1.0413828414466653
10/01/2021,22:36:35,23.01932809440249,30.846875715266663,1.7809005463146663,1.1621001434457499,1.187646232260034,0.5750338959255303,4.893416755684421,0.003762844498702882,-0.0003500320463909659,2.950563882191363,0.09877779337707927,0.033765591332214275,0.5578073187852896,1.0439205737830002
10/01/2021,22:56:35,22.973754482337668,30.863762366165652,1.7861635281550439,1.1663817854417824,1.1928779612391271,0.5749463879139324,4.8935292659850465,0.0037565939264459004,-0.00035003204639096595,2.946819789409431,0.09915282771249813,0.03395310849992369,0.5579385808026862,1.0460395177781168
10/01/2021,23:16:35,22.9229292235701,30.889906157015336,1.7898826186479473,1.169219545246452,1.1962282679688698,0.5745901052952846,4.893491762551504,0.0037565939264459004,-0.0003625331909049291,2.9442570547840683,0.09941535174729138,0.034121873950862205,0.5576823073401495,1.0473458873798256
10/01/2021,23:36:35,22.89186439815875,30.877546349279005,1.7926453715855322,1.1712072272241725,1.1988035037387461,0.5742400732488935,4.893423006256677,0.0037503433541889184,-0.00035628261864794757,2.942131860216695,0.09962787120402865,0.03415312681214712,0.5574510361666413,1.0480334503280946
10/01/2021,23:56:35,22.862935835812927,30.85521731390351,1.7941892629330076,1.1723510819471996,1.2005161605371586,0.5737837814741341,4.893322997100565,0.0038065985045017546,-0.000362533190904929,2.9406567251640467,0.09974038150465432,0.0342281336792309,0.5574947901724401,1.0481522112009765
11/01/2021,00:16:35,22.83543144884412,30.831972737214205,1.7941767617884945,1.1715510086983063,1.2002473859301084,0.5733462414161452,4.893498013123761,0.0037940973599877906,-0.00035628261864794746,2.940856743476269,0.09975288264916829,0.03424063482374486,0.5572947718602169,1.0475396551197924
11/01/2021,00:36:35,22.798402889041483,30.815950764222684,1.7908889607813216,1.167825667633145,1.196315775980467,0.5724899130169384,4.893435507401192,0.003762844498702882,-0.00034378147413398444,2.9431006989165267,0.09952161147566002,0.0340906210895773,0.5570947535479933,1.0451206836563414
11/01/2021,00:56:35,22.737430380712603,30.824241499453215,1.7855759743628872,1.1619876331451242,1.1904339874866472,0.5712210468487716,4.893135479932854,0.003762844498702882,-0.000362533190904929,2.9466260216694655,0.09898406226155965,0.03388435220509691,0.5561509171371892,1.041501602319548
11/01/2021,01:16:35,22.684646880801605,30.82714071361359,1.77960667785747,1.1557558126049134,1.1836771188768502,0.5700959438425149,4.893210486799941,0.003781596215473827,-0.00036878376316191053,2.95117018770029,0.0984777659087441,0.03359682588127576,0.5557258782237144,1.0377700106821304
11/01/2021,01:36:35,22.6646194145622,30.74952315556572,1.7720997405768353,1.1481488661681667,1.1751075843125292,0.5690020936975434,4.893454259117961,0.0037878467877308095,-0.0003562826186479475,2.957189488783764,0.09787771097207382,0.03335930413551045,0.5554196001831222,1.0330133251945677
11/01/2021,01:56:35,22.619490857302708,30.72617685206378,1.7637114726079663,1.1400606256676327,1.1662005188463298,0.5675894643674654,4.893504263696019,0.003775345643216846,-0.0003625331909049291,2.9634963161910566,0.09715264459026397,0.03300302151686251,0.5550758187089885,1.0279503616664118
11/01/2021,02:16:35,22.56563922585895,30.727499300628164,1.756123277887991,1.1327599572714788,1.1576497359987798,0.5662330901877005,4.893373001678621,0.0037503433541889184,-0.0003375309018770029,2.969240592095223,0.09644007935296814,0.03265298947047156,0.5545945246452005,1.0233061864794748
11/01/2021,02:36:35,22.53795681696803,30.65888456549935,1.7474537341675571,1.1242216755684422,1.1483613856249042,0.5646766976957119,4.893466760262476,0.003762844498702882,-0.0003562826186479475,2.9759287044101934,0.09569626125438725,0.03239046543567832,0.553888209980162,1.0177181748817332
11/01/2021,02:56:35,22.494519467968775,30.642455685257236,1.7396405188463295,1.1168522508774605,1.139985618800549,0.5631390569204945,4.893379252250878,0.0038003479322447726,-0.0003437814741339844,2.9817667388982145,0.0949649443003205,0.03205918510605831,0.553506925072486,1.012773972226461
11/01/2021,03:16:35,22.428829378703487,30.65018692301824,1.7330586662597287,1.110470416603083,1.1323036654967196,0.5618201861742712,4.89358552113536,0.0038253502212727,-0.0003750343354188921,2.987442258507554,0.09435238821913633,0.03179666107126507,0.5530131298641845,1.008636093392339
11/01/2021,03:36:35,22.376134889753562,30.62170341547773,1.725557979551351,1.1033760170914084,1.124159169845872,0.5602950465435678,4.89331674652831,0.0038441019380436444,-0.000362533190904929,2.993036520677553,0.09364607355409733,0.03149663360292997,0.5521568014649779,1.0038669067602624
11/01/2021,03:56:35,22.323885455608963,30.613361816840882,1.719763699069129,1.098006775522662,1.1173772989470476,0.5590636838089424,4.893560518846331,0.0038753547993285523,-0.00034378147413398444,2.998455766824356,0.09306477033419805,0.03129036471844957,0.5520130383030672,1.0000165542499615
11/01/2021,04:16:35,22.27323821876352,30.615040309249515,1.7138944117198236,1.0926562856706852,1.110576676331452,0.5578010682130324,4.8935292659850465,0.003894106516099498,-0.0003687837631619106,3.00339371890737,0.09250846940332676,0.031021590111399367,0.5516067511063637,0.9961662017396608
11/01/2021,04:36:35,22.211108567940798,30.606444393581025,1.708631429879445,1.0880246116282621,1.1044761178086373,0.5565322020448652,4.893660528002442,0.003931609949641388,-0.000362533190904929,3.008050395238821,0.09197092018922634,0.030790318937891047,0.551144208759347,0.9925721226918973
11/01/2021,04:56:35,22.15654484880852,30.574451311004296,1.7028996551197928,1.0827678803601408,1.0982567984129408,0.5550883198535025,4.893598022279874,0.003919108805127425,-0.0003687837631619106,3.0129258415992672,0.09141461925835494,0.03057154890889667,0.5505129009613915,0.988696767892569
11/01/2021,05:16:35,22.094682230869,30.564482083365125,1.6973428963833361,1.078086201739661,1.0918437112772776,0.5537319456737376,4.8934855119792475,0.0039253593773844065,-0.000362533190904929,3.0176262719365186,0.09088332061651153,0.030377781168930276,0.550100363192431,0.9848714176712953
11/01/2021,05:36:35,22.049909717453783,30.529284606190064,1.691936151381047,1.0731482496566465,1.0856931481764085,0.5524318266442854,4.89360427285213,0.0039253593773844065,-0.0003625331909049291,3.0224892171524496,0.09033327025789718,0.03019026400122082,0.5495940668396158,0.9811585777506485
11/01/2021,05:56:35,21.987156989903614,30.515093715826154,1.6865544086677862,1.0684978238974518,1.0797363528155048,0.5510504501754923,4.893641776285673,0.0039003570883564802,-0.0003562826186479475,3.0270271326110176,0.0898269739050817,0.029983995116740412,0.5491002716313137,0.977501992980315
11/01/2021,06:16:35,21.95315480277714,30.448106609699657,1.682016493209217,1.0646599725316652,1.0747733984434615,0.5497690828628107,4.893691780863727,0.003931609949641388,-0.000362533190904929,3.0313462780405924,0.08936443155806502,0.029808979093544956,0.5485127178391576,0.9740641782389742
11/01/2021,06:36:35,21.902596576892755,30.422267999287914,1.6779536212421795,1.0613346680909506,1.070147974973295,0.5485252189836716,4.893635525713416,0.003931609949641388,-0.0003750343354188921,3.0350028628109267,0.08892689150007625,0.02962771249809248,0.5481939386540517,0.971107657561422
11/01/2021,06:56:35,21.841891101447057,30.379542737977157,1.673703232107431,1.0579781107889523,1.0654162917747594,0.5472438516709903,4.89358552113536,0.003931609949641388,-0.00034378147413398444,3.038821962459942,0.08850810315885853,0.02946519761941095,0.5477376468792917,0.9678261071265074
11/01/2021,07:16:35,21.79266803997864,30.327356883090474,1.6704154311002604,1.0551591027010536,1.061528435830917,0.546062493514421,4.893791790019837,0.003931609949641388,-0.00036878376316191053,3.042278528918053,0.08814556996795365,0.029340186174271334,0.5473501113993591,0.9652133679230882
11/01/2021,07:36:35,21.74166475928893,30.2928206301976,1.6673088966885403,1.0523213428963833,1.0577655913322144,0.5446123607508011,4.893479261406987,0.003931609949641388,-0.000362533190904929,3.0449100198382415,0.08770802990996494,0.02922767587364567,0.5464875324278956,0.962363106973905
11/01/2021,07:56:35,21.682650492103452,30.25838610411739,1.665533734167556,1.050771200976652,1.0551841049900816,0.5436935266290247,4.893673029146955,0.00393786052189837,-0.000350032046390966,3.047779032504196,0.08743925530291473,0.029127666717533956,0.546049992369907,0.9605566915916376
11/01/2021,08:16:35,21.654790061290402,30.1788866000356,1.6645273920341837,1.04988361971616,1.053677717076148,0.5427246879291932,4.893623024568897,0.00393786052189837,-0.00035003204639096595,3.0491854112620174,0.08722048527392037,0.02905891042270716,0.5458062200518846,0.9589440439493362
11/01/2021,08:36:35,21.664314234124262,30.054220391139594,1.6678151930413556,1.0529026461162823,1.0566967434762697,0.5419683686860982,4.893535516557304,0.00393786052189837,-0.0003687837631619106,3.0479602990996484,0.08732049443003208,0.029127666717533963,0.5456874591790019,0.9593378300015265
11/01/2021,08:56:35,21.63725490196078,29.980773632410163,1.676772263085609,1.0612721623683807,1.0646537219594072,0.5406557485121318,4.891310312833816,0.00393786052189837,-0.0003750343354188921,3.041728478559439,0.08757051732031136,0.029290181596215492,0.5432684877155504,0.9623943598351893
11/01/2021,09:16:35,21.626039520866712,29.910734721904326,1.6894234213337411,1.076986101022433,1.0756609797039531,0.5410495345643216,4.891435324278957,0.003931609949641388,-0.0003750343354188921,3.036152968106212,0.08811431710666874,0.02962771249809248,0.5434622554555164,0.968507419502518
11/01/2021,09:36:35,21.46813407593907,30.028076600289932,1.7046373142072324,1.093043821150618,1.0874808118419041,0.5412495528765453,4.891972873493057,0.003931609949641388,-0.0003750343354188921,3.029639871814436,0.0888081306271936,0.03002774912253928,0.5432934900045782,0.9750642698000911
11/01/2021,09:56:35,21.514597797614506,29.91190458024975,1.7196949427743025,1.1115142621699985,1.1010820570730961,0.5432247337097513,4.894198077216542,0.003987865099954222,-0.0003250297573630398,3.020764059209521,0.08980822218831075,0.030571548908896674,0.5458624752021974,0.9812773386235316
11/01/2021,10:16:35,21.612153810940722,29.768012003763896,1.7343837875782073,1.1290721196398594,1.1145520402868914,0.544312333282466,4.893923052037236,0.004056621394781018,-0.0003375309018770029,3.0113944513963067,0.09077081031588582,0.031084095833969164,0.546081245231192,0.9886717656035401
11/01/2021,10:36:35,22.344446987614756,28.920017293558153,1.7364777292842983,1.1347413886769422,1.119002447733862,0.5475438791393252,4.893948054326263,0.004125377689607814,-0.00035003204639096595,3.0080816481001067,0.09152087898672365,0.03132786815199146,0.5498690920189225,0.9918595574546006
11/01/2021,10:56:35,23.265621423666744,28.004933750413265,1.7357339111857166,1.1389417732336338,1.1228152968106209,0.5522318083320618,4.893798040592094,0.004300393712803294,-0.0003437814741339844,3.0035187303525106,0.09252722112009772,0.03170290248741033,0.5539382145582175,0.9954223836410797
11/01/2021,11:16:35,24.41065842679484,28.015411612115674,1.8497756020143448,1.3512299587974976,1.2153675202197471,0.5770590813367922,4.89105403937128,0.0044879108805127455,-0.0003562826186479475,2.9541454600946135,0.0980214741339844,0.035065710361666405,0.564614191973142,1.088868438882954
11/01/2021,11:36:35,24.187418936446168,29.28363978535643,2.027391863268731,1.8264984709293453,1.3728444376621403,0.6194442118113842,4.890397729284298,0.0044879108805127455,-0.00035003204639096595,2.896208905844652,0.10425954524645199,0.04109751258965357,0.6116810010682133,1.4398318205402107
11/01/2021,11:56:35,23.662699320973513,30.46138195874978,2.1214879780253315,2.157510025942316,1.4505953059667336,0.6393960384556693,4.890729009613921,0.0044066534411719835,-0.00033128032962002137,2.870931591637418,0.1057596825881276,0.042660155653898996,0.690575724095834,1.5920832595757668
11/01/2021,12:16:35,23.30523130134025,31.227639174995545,2.1724363924919885,2.391800225850756,1.5131822859758886,0.6510658568594536,4.890672754463607,0.004312894857317257,-0.00034378147413398444,2.8432790599725313,0.10617847092934532,0.04389151838852434,0.7591069983213796,1.6110474958034489
11/01/2021,12:36:35,23.012563261361617,31.7691818621093,2.213440146497787,2.589612086067448,1.582051091103311,0.6592041019380438,4.890972781931938,0.00450666259728369,-0.00032502975736303986,2.8059068884480385,0.10714105905692048,0.04556667175339537,0.824081696932703,1.5926395605066384
11/01/2021,12:56:35,22.83694463518221,33.16039775183744,2.2880782298184044,3.058179984739814,1.7495351747291317,0.6888005615748514,4.890247715550128,0.004437906302456893,-0.0003312803296200213,2.7276434732183716,0.11044136120860677,0.05301735388371734,0.9321415901113994,1.670609198840225
11/01/2021,13:16:35,22.731021591515976,33.57127234810916,2.3141681184190457,3.273812226461162,1.8165663116130029,0.6963700045780563,4.890860271631314,0.004350398290859148,-0.0003375309018770028,2.678320207538531,0.1098288051274226,0.05255481153670075,1.035176023195483,1.6394688478559438
11/01/2021,13:36:35,22.683489738307777,33.76984308639148,2.3258129345338023,3.3346365450938493,1.8605328368686107,0.6991640103769269,4.891054039371279,0.0043378971463451845,-0.0003312803296200214,2.64736737372196,0.10907873645658471,0.05310486189531509,1.104051078895162,1.6167355165573016
11/01/2021,13:56:35,22.658121614404518,33.872485440349955,2.334970022890278,3.372396252098275,1.8939546467266897,0.7002266076606136,4.890328972989469,0.004325396001831221,-0.0003375309018770029,2.624590288417518,0.10829741492446204,0.053486146802990985,1.1565183824202658,1.6002902609491838
11/01/2021,14:16:35,23.154980799064116,32.70333918262506,2.2493746864031747,3.037053050511216,1.8404059942011297,0.6854815077063939,4.889497646879292,0.004325396001831221,-0.00034378147413398444,2.638429055394476,0.10792863116130019,0.051779740576835064,1.1227465405157944,1.5064441690828627
11/01/2021,14:36:35,24.665229775438057,31.17387655451284,2.291803570883565,3.1917234610102247,1.891366909812299,0.7004391271173509,4.889297628567068,0.004569168319853504,-0.00034378147413398444,2.614333099343811,0.11076014039371278,0.05401744544483443,1.1528492965054176,1.5257334350679082
11/01/2021,14:51:42,25.03524834058138,31.126980493883668,2.341039328551808,3.392710611933466,1.9710617060888156,0.7116901571799178,4.889266375705782,0.004669177475965207,-0.000350032046390966,2.581217567526323,0.11507928582328705,0.05863661834274379,1.2537897878834117,1.5699999877918513
11/01/2021,15:16:35,24.862478065156022,31.873248391444772,2.3876560964443763,3.5032019777201273,2.0612512131848004,0.7221786174271325,4.889566403174118,0.004506662597283689,-0.0003312803296200213,2.5477520036624433,0.12057353883717381,0.061661895315122874,1.3005003143598348,1.6259801129253784
11/01/2021,15:36:35,24.53571882708985,32.402990768291744,2.396106870135815,3.4662298428200833,2.0667392156264297,0.7205722203570882,4.889891432931482,0.00450666259728369,-0.0003437814741339844,2.545301779337707,0.11630439798565544,0.05968671448191672,1.3191770242636962,1.589289253776896
11/01/2021,15:56:35,24.11843544162151,32.98715698990362,2.4066890889668873,3.452409827559897,2.0811030306729736,0.7174094307950559,4.889941437509538,0.00450666259728369,-0.00030627804059209517,2.5453330321989918,0.11390417823897452,0.05904290553944756,1.3424666564932086,1.5744941492446207
